{
    "name": "root",
    "gauges": {
        "Car.Policy.Entropy.mean": {
            "value": 1.804768681526184,
            "min": 1.804768681526184,
            "max": 2.1969704627990723,
            "count": 50
        },
        "Car.Policy.Entropy.sum": {
            "value": 18029.638671875,
            "min": 17965.89453125,
            "max": 24055.84765625,
            "count": 50
        },
        "Car.Environment.EpisodeLength.mean": {
            "value": 521.4,
            "min": 192.875,
            "max": 731.25,
            "count": 50
        },
        "Car.Environment.EpisodeLength.sum": {
            "value": 7821.0,
            "min": 5160.0,
            "max": 15386.0,
            "count": 50
        },
        "Car.Step.mean": {
            "value": 499971.0,
            "min": 9980.0,
            "max": 499971.0,
            "count": 50
        },
        "Car.Step.sum": {
            "value": 499971.0,
            "min": 9980.0,
            "max": 499971.0,
            "count": 50
        },
        "Car.Policy.ExtrinsicValueEstimate.mean": {
            "value": 2.3664770126342773,
            "min": -2.743802070617676,
            "max": 2.3664770126342773,
            "count": 50
        },
        "Car.Policy.ExtrinsicValueEstimate.sum": {
            "value": 383.3692626953125,
            "min": -459.39215087890625,
            "max": 383.3692626953125,
            "count": 50
        },
        "Car.Environment.CumulativeReward.mean": {
            "value": 25.32571771953787,
            "min": -16.499046982044266,
            "max": 38.13180461227894,
            "count": 50
        },
        "Car.Environment.CumulativeReward.sum": {
            "value": 354.5600480735302,
            "min": -692.9599732458591,
            "max": 771.9920960366726,
            "count": 50
        },
        "Car.Policy.ExtrinsicReward.mean": {
            "value": 25.32571771953787,
            "min": -16.499046982044266,
            "max": 38.13180461227894,
            "count": 50
        },
        "Car.Policy.ExtrinsicReward.sum": {
            "value": 354.5600480735302,
            "min": -692.9599732458591,
            "max": 771.9920960366726,
            "count": 50
        },
        "Car.IsTraining.mean": {
            "value": 1.0,
            "min": 1.0,
            "max": 1.0,
            "count": 50
        },
        "Car.IsTraining.sum": {
            "value": 1.0,
            "min": 1.0,
            "max": 1.0,
            "count": 50
        },
        "Car.Losses.PolicyLoss.mean": {
            "value": 0.027302944551532468,
            "min": 0.02170049635557613,
            "max": 0.029209549030444273,
            "count": 12
        },
        "Car.Losses.PolicyLoss.sum": {
            "value": 0.027302944551532468,
            "min": 0.02170049635557613,
            "max": 0.029209549030444273,
            "count": 12
        },
        "Car.Losses.ValueLoss.mean": {
            "value": 9.896457433700562,
            "min": 2.231636972228686,
            "max": 9.896457433700562,
            "count": 12
        },
        "Car.Losses.ValueLoss.sum": {
            "value": 9.896457433700562,
            "min": 2.231636972228686,
            "max": 9.896457433700562,
            "count": 12
        },
        "Car.Policy.LearningRate.mean": {
            "value": 4.866698377799986e-06,
            "min": 4.866698377799986e-06,
            "max": 0.00027539760820079987,
            "count": 12
        },
        "Car.Policy.LearningRate.sum": {
            "value": 4.866698377799986e-06,
            "min": 4.866698377799986e-06,
            "max": 0.00027539760820079987,
            "count": 12
        },
        "Car.Policy.Epsilon.mean": {
            "value": 0.1016222,
            "min": 0.1016222,
            "max": 0.19179920000000003,
            "count": 12
        },
        "Car.Policy.Epsilon.sum": {
            "value": 0.1016222,
            "min": 0.1016222,
            "max": 0.19179920000000003,
            "count": 12
        },
        "Car.Policy.Beta.mean": {
            "value": 2.6059779999999962e-05,
            "min": 2.6059779999999962e-05,
            "max": 0.0009188120799999999,
            "count": 12
        },
        "Car.Policy.Beta.sum": {
            "value": 2.6059779999999962e-05,
            "min": 2.6059779999999962e-05,
            "max": 0.0009188120799999999,
            "count": 12
        }
    },
    "metadata": {
        "timer_format_version": "0.1.0",
        "start_time_seconds": "1713025928",
        "python_version": "3.9.11 (main, Mar 30 2022, 02:45:55) [MSC v.1916 64 bit (AMD64)]",
        "command_line_arguments": "C:\\Users\\User\\miniconda3\\envs\\mlagents\\Scripts\\mlagents-learn Car.yaml --run-id=CarDriving89",
        "mlagents_version": "0.30.0",
        "mlagents_envs_version": "0.30.0",
        "communication_protocol_version": "1.5.0",
        "pytorch_version": "2.2.2+cpu",
        "numpy_version": "1.21.2",
        "end_time_seconds": "1713026258"
    },
    "total": 330.1248135,
    "count": 1,
    "self": 0.010179500000049302,
    "children": {
        "run_training.setup": {
            "total": 0.06405529999999993,
            "count": 1,
            "self": 0.06405529999999993
        },
        "TrainerController.start_learning": {
            "total": 330.05057869999996,
            "count": 1,
            "self": 0.35838619999850607,
            "children": {
                "TrainerController._reset_env": {
                    "total": 7.2399553,
                    "count": 1,
                    "self": 7.2399553
                },
                "TrainerController.advance": {
                    "total": 322.3798347000015,
                    "count": 17577,
                    "self": 0.34622810000178106,
                    "children": {
                        "env_step": {
                            "total": 158.9712388999995,
                            "count": 17577,
                            "self": 129.36006020000121,
                            "children": {
                                "SubprocessEnvManager._take_step": {
                                    "total": 29.39012589999864,
                                    "count": 17577,
                                    "self": 1.3677821999957693,
                                    "children": {
                                        "TorchPolicy.evaluate": {
                                            "total": 28.02234370000287,
                                            "count": 16697,
                                            "self": 28.02234370000287
                                        }
                                    }
                                },
                                "workers": {
                                    "total": 0.22105279999963123,
                                    "count": 17577,
                                    "self": 0.0,
                                    "children": {
                                        "worker_root": {
                                            "total": 322.75036169999663,
                                            "count": 17577,
                                            "is_parallel": true,
                                            "self": 225.26359669999772,
                                            "children": {
                                                "steps_from_proto": {
                                                    "total": 0.00044909999999998007,
                                                    "count": 1,
                                                    "is_parallel": true,
                                                    "self": 0.00014339999999890551,