{
    "name": "root",
    "gauges": {
        "Car.Policy.Entropy.mean": {
            "value": 1.8179008960723877,
            "min": 1.8038336038589478,
            "max": 2.1969850063323975,
            "count": 50
        },
        "Car.Policy.Entropy.sum": {
            "value": 17779.0703125,
            "min": 17779.0703125,
            "max": 23024.40234375,
            "count": 50
        },
        "Car.Environment.EpisodeLength.mean": {
            "value": 592.8461538461538,
            "min": 95.69047619047619,
            "max": 599.0,
            "count": 50
        },
        "Car.Environment.EpisodeLength.sum": {
            "value": 7707.0,
            "min": 7299.0,
            "max": 12138.0,
            "count": 50
        },
        "Car.Step.mean": {
            "value": 499959.0,
            "min": 9978.0,
            "max": 499959.0,
            "count": 50
        },
        "Car.Step.sum": {
            "value": 499959.0,
            "min": 9978.0,
            "max": 499959.0,
            "count": 50
        },
        "Car.Policy.ExtrinsicValueEstimate.mean": {
            "value": -0.5651898980140686,
            "min": -3.14813494682312,
            "max": -0.14420966804027557,
            "count": 50
        },
        "Car.Policy.ExtrinsicValueEstimate.sum": {
            "value": -92.6911392211914,
            "min": -532.0347900390625,
            "max": -28.409303665161133,
            "count": 50
        },
        "Car.Environment.CumulativeReward.mean": {
            "value": 2.7972325946276007,
            "min": -12.528999371826648,
            "max": 4.8682240976227655,
            "count": 50
        },
        "Car.Environment.CumulativeReward.sum": {
            "value": 36.364023730158806,
            "min": -829.8799895197153,
            "max": 87.62803375720978,
            "count": 50
        },
        "Car.Policy.ExtrinsicReward.mean": {
            "value": 2.7972325946276007,
            "min": -12.528999371826648,
            "max": 4.8682240976227655,
            "count": 50
        },
        "Car.Policy.ExtrinsicReward.sum": {
            "value": 36.364023730158806,
            "min": -829.8799895197153,
            "max": 87.62803375720978,
            "count": 50
        },
        "Car.IsTraining.mean": {
            "value": 1.0,
            "min": 1.0,
            "max": 1.0,
            "count": 50
        },
        "Car.IsTraining.sum": {
            "value": 1.0,
            "min": 1.0,
            "max": 1.0,
            "count": 50
        },
        "Car.Losses.PolicyLoss.mean": {
            "value": 0.037056730850599705,
            "min": 0.03151871473528445,
            "max": 0.038276527028453224,
            "count": 24
        },
        "Car.Losses.PolicyLoss.sum": {
            "value": 0.037056730850599705,
            "min": 0.03151871473528445,
            "max": 0.038276527028453224,
            "count": 24
        },
        "Car.Losses.ValueLoss.mean": {
            "value": 1.8785253763198853,
            "min": 1.07768308420976,
            "max": 8.366024760405223,
            "count": 24
        },
        "Car.Losses.ValueLoss.sum": {
            "value": 1.8785253763198853,
            "min": 1.07768308420976,
            "max": 8.366024760405223,
            "count": 24
        },
        "Car.Policy.LearningRate.mean": {
            "value": 4.407098530999995e-06,
            "min": 4.407098530999995e-06,
            "max": 0.0002876958041014001,
            "count": 24
        },
        "Car.Policy.LearningRate.sum": {
            "value": 4.407098530999995e-06,
            "min": 4.407098530999995e-06,
            "max": 0.0002876958041014001,
            "count": 24
        },
        "Car.Policy.Epsilon.mean": {
            "value": 0.10146900000000002,
            "min": 0.10146900000000002,
            "max": 0.1958986,
            "count": 24
        },
        "Car.Policy.Epsilon.sum": {
            "value": 0.10146900000000002,
            "min": 0.10146900000000002,
            "max": 0.1958986,
            "count": 24
        },
        "Car.Policy.Beta.mean": {
            "value": 2.4543099999999992e-05,
            "min": 2.4543099999999992e-05,
            "max": 0.0009593961400000003,
            "count": 24
        },
        "Car.Policy.Beta.sum": {
            "value": 2.4543099999999992e-05,
            "min": 2.4543099999999992e-05,
            "max": 0.0009593961400000003,
            "count": 24
        }
    },
    "metadata": {
        "timer_format_version": "0.1.0",
        "start_time_seconds": "1713012686",
        "python_version": "3.9.11 (main, Mar 30 2022, 02:45:55) [MSC v.1916 64 bit (AMD64)]",
        "command_line_arguments": "C:\\Users\\User\\miniconda3\\envs\\mlagents\\Scripts\\mlagents-learn Car.yaml --run-id=CarDriving63",
        "mlagents_version": "0.30.0",
        "mlagents_envs_version": "0.30.0",
        "communication_protocol_version": "1.5.0",
        "pytorch_version": "2.2.2+cpu",
        "numpy_version": "1.21.2",
        "end_time_seconds": "1713013066"
    },
    "total": 379.9183967,
    "count": 1,
    "self": 0.008116800000038893,
    "children": {
        "run_training.setup": {
            "total": 0.0615981000000001,
            "count": 1,
            "self": 0.0615981000000001
        },
        "TrainerController.start_learning": {
            "total": 379.84868179999995,
            "count": 1,
            "self": 0.5024340999974584,
            "children": {
                "TrainerController._reset_env": {
                    "total": 7.0718328999999995,
                    "count": 1,
                    "self": 7.0718328999999995
                },
                "TrainerController.advance": {
                    "total": 372.2004947000025,
                    "count": 25951,
                    "self": 0.47173340000756525,
                    "children": {
                        "env_step": {
                            "total": 205.15658569999863,
                            "count": 25951,
                            "self": 163.05494110000132,
                            "children": {
                                "SubprocessEnvManager._take_step": {
                                    "total": 41.786948500000015,
                                    "count": 25951,
                                    "self": 1.529307499999355,
                                    "children": {
                                        "TorchPolicy.evaluate": {
                                            "total": 40.25764100000066,
                                            "count": 25027,
                                            "self": 40.25764100000066
                                        }
                                    }
                                },
                                "workers": {
                                    "total": 0.31469609999729187,
                                    "count": 25951,
                                    "self": 0.0,
                                    "children": {
                                        "worker_root": {
                                            "total": 372.8260872000023,
                                            "count": 25951,
                                            "is_parallel": true,
                                            "self": 246.60634840000202,
                                            "children": {
                                                "steps_from_proto": {
                                                    "total": 0.0004265999999999437,
                                                    "count": 1,
                                                    "is_parallel": true,
                                                    "self": 0.0001389999999998892,