{
    "name": "root",
    "gauges": {
        "Car.Policy.Entropy.mean": {
            "value": 1.9247874021530151,
            "min": 1.8664852380752563,
            "max": 2.196932792663574,
            "count": 50
        },
        "Car.Policy.Entropy.sum": {
            "value": 18708.93359375,
            "min": 18365.5390625,
            "max": 25308.171875,
            "count": 50
        },
        "Car.Step.mean": {
            "value": 499982.0,
            "min": 9985.0,
            "max": 499982.0,
            "count": 50
        },
        "Car.Step.sum": {
            "value": 499982.0,
            "min": 9985.0,
            "max": 499982.0,
            "count": 50
        },
        "Car.Policy.ExtrinsicValueEstimate.mean": {
            "value": 3.195394992828369,
            "min": -1.1419837474822998,
            "max": 4.822432994842529,
            "count": 50
        },
        "Car.Policy.ExtrinsicValueEstimate.sum": {
            "value": 533.6309814453125,
            "min": -191.853271484375,
            "max": 819.8135986328125,
            "count": 50
        },
        "Car.Environment.EpisodeLength.mean": {
            "value": 532.9444444444445,
            "min": 255.5,
            "max": 599.0,
            "count": 50
        },
        "Car.Environment.EpisodeLength.sum": {
            "value": 9593.0,
            "min": 511.0,
            "max": 16852.0,
            "count": 50
        },
        "Car.Environment.CumulativeReward.mean": {
            "value": 52.48302432729138,
            "min": -21.05092704296112,
            "max": 68.3373017960361,
            "count": 50
        },
        "Car.Environment.CumulativeReward.sum": {
            "value": 944.6944378912449,
            "min": -532.1297647058964,
            "max": 1429.769100226462,
            "count": 50
        },
        "Car.Policy.ExtrinsicReward.mean": {
            "value": 52.48302432729138,
            "min": -21.05092704296112,
            "max": 68.3373017960361,
            "count": 50
        },
        "Car.Policy.ExtrinsicReward.sum": {
            "value": 944.6944378912449,
            "min": -532.1297647058964,
            "max": 1429.769100226462,
            "count": 50
        },
        "Car.IsTraining.mean": {
            "value": 1.0,
            "min": 1.0,
            "max": 1.0,
            "count": 50
        },
        "Car.IsTraining.sum": {
            "value": 1.0,
            "min": 1.0,
            "max": 1.0,
            "count": 50
        },
        "Car.Losses.PolicyLoss.mean": {
            "value": 0.024987213018660744,
            "min": 0.021935378729055325,
            "max": 0.02643136553039464,
            "count": 12
        },
        "Car.Losses.PolicyLoss.sum": {
            "value": 0.024987213018660744,
            "min": 0.021935378729055325,
            "max": 0.02643136553039464,
            "count": 12
        },
        "Car.Losses.ValueLoss.mean": {
            "value": 17.164952317873638,
            "min": 0.8007079939047496,
            "max": 17.470512851079306,
            "count": 12
        },
        "Car.Losses.ValueLoss.sum": {
            "value": 17.164952317873638,
            "min": 0.8007079939047496,
            "max": 17.470512851079306,
            "count": 12
        },
        "Car.Policy.LearningRate.mean": {
            "value": 3.7134987622000006e-06,
            "min": 3.7134987622000006e-06,
            "max": 0.0002750322083226001,
            "count": 12
        },
        "Car.Policy.LearningRate.sum": {
            "value": 3.7134987622000006e-06,
            "min": 3.7134987622000006e-06,
            "max": 0.0002750322083226001,
            "count": 12
        },
        "Car.Policy.Epsilon.mean": {
            "value": 0.10123780000000003,
            "min": 0.10123780000000003,
            "max": 0.19167740000000005,
            "count": 12
        },
        "Car.Policy.Epsilon.sum": {
            "value": 0.10123780000000003,
            "min": 0.10123780000000003,
            "max": 0.19167740000000005,
            "count": 12
        },
        "Car.Policy.Beta.mean": {
            "value": 2.2254220000000006e-05,
            "min": 2.2254220000000006e-05,
            "max": 0.0009176062600000002,
            "count": 12
        },
        "Car.Policy.Beta.sum": {
            "value": 2.2254220000000006e-05,
            "min": 2.2254220000000006e-05,
            "max": 0.0009176062600000002,
            "count": 12
        }
    },
    "metadata": {
        "timer_format_version": "0.1.0",
        "start_time_seconds": "1713034960",
        "python_version": "3.9.11 (main, Mar 30 2022, 02:45:55) [MSC v.1916 64 bit (AMD64)]",
        "command_line_arguments": "C:\\Users\\User\\miniconda3\\envs\\mlagents\\Scripts\\mlagents-learn Car.yaml --run-id=CarDriving109",
        "mlagents_version": "0.30.0",
        "mlagents_envs_version": "0.30.0",
        "communication_protocol_version": "1.5.0",
        "pytorch_version": "2.2.2+cpu",
        "numpy_version": "1.21.2",
        "end_time_seconds": "1713035288"
    },
    "total": 328.42581770000004,
    "count": 1,
    "self": 0.008727700000065397,
    "children": {
        "run_training.setup": {
            "total": 0.06912669999999999,
            "count": 1,
            "self": 0.06912669999999999
        },
        "TrainerController.start_learning": {
            "total": 328.34796329999995,
            "count": 1,
            "self": 0.34378789999760784,
            "children": {
                "TrainerController._reset_env": {
                    "total": 7.5340323,
                    "count": 1,
                    "self": 7.5340323
                },
                "TrainerController.advance": {
                    "total": 320.3973089000024,
                    "count": 17363,
                    "self": 0.3316290000044546,
                    "children": {
                        "env_step": {
                            "total": 156.21854169999585,
                            "count": 17363,
                            "self": 126.81446469999467,
                            "children": {
                                "SubprocessEnvManager._take_step": {
                                    "total": 29.18807380000306,
                                    "count": 17363,
                                    "self": 1.3606001000039996,
                                    "children": {
                                        "TorchPolicy.evaluate": {
                                            "total": 27.82747369999906,
                                            "count": 16695,
                                            "self": 27.82747369999906
                                        }
                                    }
                                },
                                "workers": {
                                    "total": 0.21600319999812,
                                    "count": 17363,
                                    "self": 0.0,
                                    "children": {
                                        "worker_root": {
                                            "total": 320.9123795999973,
                                            "count": 17363,
                                            "is_parallel": true,
                                            "self": 225.62847059999427,
                                            "children": {
                                                "steps_from_proto": {
                                                    "total": 0.00045479999999997744,
                                                    "count": 1,
                                                    "is_parallel": true,
                                                    "self": 0.00015339999999941512,