{
    "name": "root",
    "gauges": {
        "Car.Policy.Entropy.mean": {
            "value": 1.3645846843719482,
            "min": 1.3645846843719482,
            "max": 2.196601390838623,
            "count": 50
        },
        "Car.Policy.Entropy.sum": {
            "value": 13624.013671875,
            "min": 13422.3818359375,
            "max": 22387.76171875,
            "count": 50
        },
        "Car.Step.mean": {
            "value": 499973.0,
            "min": 9936.0,
            "max": 499973.0,
            "count": 50
        },
        "Car.Step.sum": {
            "value": 499973.0,
            "min": 9936.0,
            "max": 499973.0,
            "count": 50
        },
        "Car.Policy.ExtrinsicValueEstimate.mean": {
            "value": 6.849493026733398,
            "min": -0.3251861035823822,
            "max": 6.849493026733398,
            "count": 50
        },
        "Car.Policy.ExtrinsicValueEstimate.sum": {
            "value": 1335.651123046875,
            "min": -54.956451416015625,
            "max": 1340.4971923828125,
            "count": 50
        },
        "Car.Environment.EpisodeLength.mean": {
            "value": 152.27272727272728,
            "min": 147.4,
            "max": 239.0,
            "count": 50
        },
        "Car.Environment.EpisodeLength.sum": {
            "value": 10050.0,
            "min": 9143.0,
            "max": 12428.0,
            "count": 50
        },
        "Car.Environment.CumulativeReward.mean": {
            "value": 17.425243646809548,
            "min": -4.7076920844041386,
            "max": 17.971344547930048,
            "count": 50
        },
        "Car.Environment.CumulativeReward.sum": {
            "value": 1150.0660806894302,
            "min": -183.5999912917614,
            "max": 1204.0800847113132,
            "count": 50
        },
        "Car.Policy.ExtrinsicReward.mean": {
            "value": 17.425243646809548,
            "min": -4.7076920844041386,
            "max": 17.971344547930048,
            "count": 50
        },
        "Car.Policy.ExtrinsicReward.sum": {
            "value": 1150.0660806894302,
            "min": -183.5999912917614,
            "max": 1204.0800847113132,
            "count": 50
        },
        "Car.IsTraining.mean": {
            "value": 1.0,
            "min": 1.0,
            "max": 1.0,
            "count": 50
        },
        "Car.IsTraining.sum": {
            "value": 1.0,
            "min": 1.0,
            "max": 1.0,
            "count": 50
        },
        "Car.Losses.PolicyLoss.mean": {
            "value": 0.0353222507837927,
            "min": 0.031608639089002584,
            "max": 0.03826882346378018,
            "count": 24
        },
        "Car.Losses.PolicyLoss.sum": {
            "value": 0.0353222507837927,
            "min": 0.031608639089002584,
            "max": 0.03826882346378018,
            "count": 24
        },
        "Car.Losses.ValueLoss.mean": {
            "value": 4.81161607503891,
            "min": 0.3183065698883398,
            "max": 4.958804831902186,
            "count": 24
        },
        "Car.Losses.ValueLoss.sum": {
            "value": 4.81161607503891,
            "min": 0.3183065698883398,
            "max": 4.958804831902186,
            "count": 24
        },
        "Car.Policy.LearningRate.mean": {
            "value": 2.7210990930000056e-06,
            "min": 2.7210990930000056e-06,
            "max": 0.00028727040424319985,
            "count": 24
        },
        "Car.Policy.LearningRate.sum": {
            "value": 2.7210990930000056e-06,
            "min": 2.7210990930000056e-06,
            "max": 0.00028727040424319985,
            "count": 24
        },
        "Car.Policy.Epsilon.mean": {
            "value": 0.10090700000000002,
            "min": 0.10090700000000002,
            "max": 0.19575680000000004,
            "count": 24
        },
        "Car.Policy.Epsilon.sum": {
            "value": 0.10090700000000002,
            "min": 0.10090700000000002,
            "max": 0.19575680000000004,
            "count": 24
        },
        "Car.Policy.Beta.mean": {
            "value": 1.897930000000002e-05,
            "min": 1.897930000000002e-05,
            "max": 0.0009579923200000001,
            "count": 24
        },
        "Car.Policy.Beta.sum": {
            "value": 1.897930000000002e-05,
            "min": 1.897930000000002e-05,
            "max": 0.0009579923200000001,
            "count": 24
        }
    },
    "metadata": {
        "timer_format_version": "0.1.0",
        "start_time_seconds": "1712916790",
        "python_version": "3.9.11 (main, Mar 30 2022, 02:45:55) [MSC v.1916 64 bit (AMD64)]",
        "command_line_arguments": "C:\\Users\\User\\miniconda3\\envs\\mlagents\\Scripts\\mlagents-learn Car.yaml --run-id=CarDrining34",
        "mlagents_version": "0.30.0",
        "mlagents_envs_version": "0.30.0",
        "communication_protocol_version": "1.5.0",
        "pytorch_version": "2.2.2+cpu",
        "numpy_version": "1.21.2",
        "end_time_seconds": "1712917225"
    },
    "total": 435.5118999,
    "count": 1,
    "self": 0.009062700000015411,
    "children": {
        "run_training.setup": {
            "total": 0.06397779999999997,
            "count": 1,
            "self": 0.06397779999999997
        },
        "TrainerController.start_learning": {
            "total": 435.4388594,
            "count": 1,
            "self": 0.7491842999986602,
            "children": {
                "TrainerController._reset_env": {
                    "total": 6.9526563,
                    "count": 1,
                    "self": 6.9526563
                },
                "TrainerController.advance": {
                    "total": 427.66646810000134,
                    "count": 40050,
                    "self": 0.6711042000003431,
                    "children": {
                        "env_step": {
                            "total": 254.87486570000152,
                            "count": 40050,
                            "self": 194.0199646999947,
                            "children": {
                                "SubprocessEnvManager._take_step": {
                                    "total": 60.38666770000661,
                                    "count": 40050,
                                    "self": 2.21298500000745,
                                    "children": {
                                        "TorchPolicy.evaluate": {
                                            "total": 58.17368269999916,
                                            "count": 38490,
                                            "self": 58.17368269999916
                                        }
                                    }
                                },
                                "workers": {
                                    "total": 0.468233300000227,
                                    "count": 40050,
                                    "self": 0.0,
                                    "children": {
                                        "worker_root": {
                                            "total": 427.9002846999998,
                                            "count": 40050,
                                            "is_parallel": true,
                                            "self": 280.5634110000037,
                                            "children": {
                                                "steps_from_proto": {
                                                    "total": 0.0003530000000004918,
                                                    "count": 1,
                                                    "is_parallel": true,
                                                    "self": 0.00012990000000012714,