{
    "name": "root",
    "gauges": {
        "Car.Policy.Entropy.mean": {
            "value": 1.7063781023025513,
            "min": 1.6703672409057617,
            "max": 2.1971235275268555,
            "count": 50
        },
        "Car.Policy.Entropy.sum": {
            "value": 16756.6328125,
            "min": 16504.525390625,
            "max": 23201.625,
            "count": 50
        },
        "Car.Step.mean": {
            "value": 499995.0,
            "min": 9984.0,
            "max": 499995.0,
            "count": 50
        },
        "Car.Step.sum": {
            "value": 499995.0,
            "min": 9984.0,
            "max": 499995.0,
            "count": 50
        },
        "Car.Policy.ExtrinsicValueEstimate.mean": {
            "value": 0.9237249493598938,
            "min": -0.5963393449783325,
            "max": 1.9132096767425537,
            "count": 50
        },
        "Car.Policy.ExtrinsicValueEstimate.sum": {
            "value": 161.65187072753906,
            "min": -102.57036590576172,
            "max": 338.63812255859375,
            "count": 50
        },
        "Car.Environment.EpisodeLength.mean": {
            "value": 399.0,
            "min": 325.5806451612903,
            "max": 399.0,
            "count": 50
        },
        "Car.Environment.EpisodeLength.sum": {
            "value": 9975.0,
            "min": 7880.0,
            "max": 15960.0,
            "count": 50
        },
        "Car.Environment.CumulativeReward.mean": {
            "value": 5.587752914056182,
            "min": -10.299999161064624,
            "max": 18.316802442669868,
            "count": 50
        },
        "Car.Environment.CumulativeReward.sum": {
            "value": 134.10606993734837,
            "min": -205.9999832212925,
            "max": 457.9200610667467,
            "count": 50
        },
        "Car.Policy.ExtrinsicReward.mean": {
            "value": 5.587752914056182,
            "min": -10.299999161064624,
            "max": 18.316802442669868,
            "count": 50
        },
        "Car.Policy.ExtrinsicReward.sum": {
            "value": 134.10606993734837,
            "min": -205.9999832212925,
            "max": 457.9200610667467,
            "count": 50
        },
        "Car.IsTraining.mean": {
            "value": 1.0,
            "min": 1.0,
            "max": 1.0,
            "count": 50
        },
        "Car.IsTraining.sum": {
            "value": 1.0,
            "min": 1.0,
            "max": 1.0,
            "count": 50
        },
        "Car.Losses.PolicyLoss.mean": {
            "value": 0.03305139432971676,
            "min": 0.03080854637082666,
            "max": 0.03965878283488564,
            "count": 24
        },
        "Car.Losses.PolicyLoss.sum": {
            "value": 0.03305139432971676,
            "min": 0.03080854637082666,
            "max": 0.03965878283488564,
            "count": 24
        },
        "Car.Losses.ValueLoss.mean": {
            "value": 9.000455558300018,
            "min": 0.6255472954211196,
            "max": 11.730702416102092,
            "count": 24
        },
        "Car.Losses.ValueLoss.sum": {
            "value": 9.000455558300018,
            "min": 0.6255472954211196,
            "max": 11.730702416102092,
            "count": 24
        },
        "Car.Policy.LearningRate.mean": {
            "value": 2.9118990293999975e-06,
            "min": 2.9118990293999975e-06,
            "max": 0.00028732800422399995,
            "count": 24
        },
        "Car.Policy.LearningRate.sum": {
            "value": 2.9118990293999975e-06,
            "min": 2.9118990293999975e-06,
            "max": 0.00028732800422399995,
            "count": 24
        },
        "Car.Policy.Epsilon.mean": {
            "value": 0.10097059999999997,
            "min": 0.10097059999999997,
            "max": 0.19577599999999995,
            "count": 24
        },
        "Car.Policy.Epsilon.sum": {
            "value": 0.10097059999999997,
            "min": 0.10097059999999997,
            "max": 0.19577599999999995,
            "count": 24
        },
        "Car.Policy.Beta.mean": {
            "value": 1.9608939999999994e-05,
            "min": 1.9608939999999994e-05,
            "max": 0.0009581823999999999,
            "count": 24
        },
        "Car.Policy.Beta.sum": {
            "value": 1.9608939999999994e-05,
            "min": 1.9608939999999994e-05,
            "max": 0.0009581823999999999,
            "count": 24
        }
    },
    "metadata": {
        "timer_format_version": "0.1.0",
        "start_time_seconds": "1713018371",
        "python_version": "3.9.11 (main, Mar 30 2022, 02:45:55) [MSC v.1916 64 bit (AMD64)]",
        "command_line_arguments": "C:\\Users\\User\\miniconda3\\envs\\mlagents\\Scripts\\mlagents-learn Car.yaml --run-id=CarDriving74",
        "mlagents_version": "0.30.0",
        "mlagents_envs_version": "0.30.0",
        "communication_protocol_version": "1.5.0",
        "pytorch_version": "2.2.2+cpu",
        "numpy_version": "1.21.2",
        "end_time_seconds": "1713018762"
    },
    "total": 390.27800809999997,
    "count": 1,
    "self": 0.008485599999971782,
    "children": {
        "run_training.setup": {
            "total": 0.06348329999999991,
            "count": 1,
            "self": 0.06348329999999991
        },
        "TrainerController.start_learning": {
            "total": 390.2060392,
            "count": 1,
            "self": 0.4922403999956373,
            "children": {
                "TrainerController._reset_env": {
                    "total": 7.4085614,
                    "count": 1,
                    "self": 7.4085614
                },
                "TrainerController.advance": {
                    "total": 382.23047390000437,
                    "count": 25890,
                    "self": 0.46040030000239085,
                    "children": {
                        "env_step": {
                            "total": 209.64462490000176,
                            "count": 25890,
                            "self": 167.16486459999967,
                            "children": {
                                "SubprocessEnvManager._take_step": {
                                    "total": 42.167664699999825,
                                    "count": 25890,
                                    "self": 1.5563584000006756,
                                    "children": {
                                        "TorchPolicy.evaluate": {
                                            "total": 40.61130629999915,
                                            "count": 25029,
                                            "self": 40.61130629999915
                                        }
                                    }
                                },
                                "workers": {
                                    "total": 0.31209560000226766,
                                    "count": 25890,
                                    "self": 0.0,
                                    "children": {
                                        "worker_root": {
                                            "total": 382.58561899999745,
                                            "count": 25890,
                                            "is_parallel": true,
                                            "self": 252.53545349999948,
                                            "children": {
                                                "steps_from_proto": {
                                                    "total": 0.0004360999999999393,
                                                    "count": 1,
                                                    "is_parallel": true,
                                                    "self": 0.00014190000000002811,