{
    "name": "root",
    "gauges": {
        "Car.Policy.Entropy.mean": {
            "value": 1.333128809928894,
            "min": 1.3233686685562134,
            "max": 2.1966769695281982,
            "count": 50
        },
        "Car.Policy.Entropy.sum": {
            "value": 13552.587890625,
            "min": 13183.3984375,
            "max": 22704.853515625,
            "count": 50
        },
        "Car.Step.mean": {
            "value": 499988.0,
            "min": 9952.0,
            "max": 499988.0,
            "count": 50
        },
        "Car.Step.sum": {
            "value": 499988.0,
            "min": 9952.0,
            "max": 499988.0,
            "count": 50
        },
        "Car.Policy.ExtrinsicValueEstimate.mean": {
            "value": 7.56836462020874,
            "min": -0.3182031512260437,
            "max": 7.720633506774902,
            "count": 50
        },
        "Car.Policy.ExtrinsicValueEstimate.sum": {
            "value": 1422.8525390625,
            "min": -52.46149444580078,
            "max": 1436.037841796875,
            "count": 50
        },
        "Car.Environment.EpisodeLength.mean": {
            "value": 110.97752808988764,
            "min": 110.97752808988764,
            "max": 239.0,
            "count": 50
        },
        "Car.Environment.EpisodeLength.sum": {
            "value": 9877.0,
            "min": 7968.0,
            "max": 12189.0,
            "count": 50
        },
        "Car.Environment.CumulativeReward.mean": {
            "value": 18.32258504394735,
            "min": -4.047058565651669,
            "max": 18.781600680947303,
            "count": 50
        },
        "Car.Environment.CumulativeReward.sum": {
            "value": 1630.710068911314,
            "min": -166.79999205470085,
            "max": 1653.1540637016296,
            "count": 50
        },
        "Car.Policy.ExtrinsicReward.mean": {
            "value": 18.32258504394735,
            "min": -4.047058565651669,
            "max": 18.781600680947303,
            "count": 50
        },
        "Car.Policy.ExtrinsicReward.sum": {
            "value": 1630.710068911314,
            "min": -166.79999205470085,
            "max": 1653.1540637016296,
            "count": 50
        },
        "Car.IsTraining.mean": {
            "value": 1.0,
            "min": 1.0,
            "max": 1.0,
            "count": 50
        },
        "Car.IsTraining.sum": {
            "value": 1.0,
            "min": 1.0,
            "max": 1.0,
            "count": 50
        },
        "Car.Losses.PolicyLoss.mean": {
            "value": 0.04086253180867061,
            "min": 0.030968144248860578,
            "max": 0.04086253180867061,
            "count": 24
        },
        "Car.Losses.PolicyLoss.sum": {
            "value": 0.04086253180867061,
            "min": 0.030968144248860578,
            "max": 0.04086253180867061,
            "count": 24
        },
        "Car.Losses.ValueLoss.mean": {
            "value": 8.035048127174377,
            "min": 0.29952535760111926,
            "max": 8.948390817642212,
            "count": 24
        },
        "Car.Losses.ValueLoss.sum": {
            "value": 8.035048127174377,
            "min": 0.29952535760111926,
            "max": 8.948390817642212,
            "count": 24
        },
        "Car.Policy.LearningRate.mean": {
            "value": 2.4882991706000073e-06,
            "min": 2.4882991706000073e-06,
            "max": 0.00028710720429760004,
            "count": 24
        },
        "Car.Policy.LearningRate.sum": {
            "value": 2.4882991706000073e-06,
            "min": 2.4882991706000073e-06,
            "max": 0.00028710720429760004,
            "count": 24
        },
        "Car.Policy.Epsilon.mean": {
            "value": 0.10082940000000006,
            "min": 0.10082940000000006,
            "max": 0.19570239999999997,
            "count": 24
        },
        "Car.Policy.Epsilon.sum": {
            "value": 0.10082940000000006,
            "min": 0.10082940000000006,
            "max": 0.19570239999999997,
            "count": 24
        },
        "Car.Policy.Beta.mean": {
            "value": 1.821106000000002e-05,
            "min": 1.821106000000002e-05,
            "max": 0.0009574537600000006,
            "count": 24
        },
        "Car.Policy.Beta.sum": {
            "value": 1.821106000000002e-05,
            "min": 1.821106000000002e-05,
            "max": 0.0009574537600000006,
            "count": 24
        }
    },
    "metadata": {
        "timer_format_version": "0.1.0",
        "start_time_seconds": "1712918470",
        "python_version": "3.9.11 (main, Mar 30 2022, 02:45:55) [MSC v.1916 64 bit (AMD64)]",
        "command_line_arguments": "C:\\Users\\User\\miniconda3\\envs\\mlagents\\Scripts\\mlagents-learn Car.yaml --run-id=CarDrining38",
        "mlagents_version": "0.30.0",
        "mlagents_envs_version": "0.30.0",
        "communication_protocol_version": "1.5.0",
        "pytorch_version": "2.2.2+cpu",
        "numpy_version": "1.21.2",
        "end_time_seconds": "1712918828"
    },
    "total": 358.0459694,
    "count": 1,
    "self": 0.010179300000004332,
    "children": {
        "run_training.setup": {
            "total": 0.06763600000000003,
            "count": 1,
            "self": 0.06763600000000003
        },
        "TrainerController.start_learning": {
            "total": 357.9681541,
            "count": 1,
            "self": 0.49262710000425614,
            "children": {
                "TrainerController._reset_env": {
                    "total": 7.448658099999999,
                    "count": 1,
                    "self": 7.448658099999999
                },
                "TrainerController.advance": {
                    "total": 349.9553718999957,
                    "count": 31633,
                    "self": 0.48124589999332557,
                    "children": {
                        "env_step": {
                            "total": 212.40403329999896,
                            "count": 31633,
                            "self": 173.6577870000021,
                            "children": {
                                "SubprocessEnvManager._take_step": {
                                    "total": 38.42990689999942,
                                    "count": 31633,
                                    "self": 1.5874130000038917,
                                    "children": {
                                        "TorchPolicy.evaluate": {
                                            "total": 36.84249389999553,
                                            "count": 29447,
                                            "self": 36.84249389999553
                                        }
                                    }
                                },
                                "workers": {
                                    "total": 0.3163393999974282,
                                    "count": 31633,
                                    "self": 0.0,
                                    "children": {
                                        "worker_root": {
                                            "total": 350.33688000000063,
                                            "count": 31633,
                                            "is_parallel": true,
                                            "self": 210.28890279999897,
                                            "children": {
                                                "steps_from_proto": {
                                                    "total": 0.0003757999999995931,
                                                    "count": 1,
                                                    "is_parallel": true,
                                                    "self": 0.00013169999999984583,