{
    "name": "root",
    "gauges": {
        "Car.Policy.Entropy.mean": {
            "value": 1.8354697227478027,
            "min": 1.7864104509353638,
            "max": 2.196939468383789,
            "count": 50
        },
        "Car.Policy.Entropy.sum": {
            "value": 18317.98828125,
            "min": 17549.880859375,
            "max": 23506.640625,
            "count": 50
        },
        "Car.Environment.EpisodeLength.mean": {
            "value": 163.0655737704918,
            "min": 81.0079365079365,
            "max": 215.46,
            "count": 50
        },
        "Car.Environment.EpisodeLength.sum": {
            "value": 9947.0,
            "min": 8408.0,
            "max": 10804.0,
            "count": 50
        },
        "Car.Step.mean": {
            "value": 499963.0,
            "min": 9943.0,
            "max": 499963.0,
            "count": 50
        },
        "Car.Step.sum": {
            "value": 499963.0,
            "min": 9943.0,
            "max": 499963.0,
            "count": 50
        },
        "Car.Policy.ExtrinsicValueEstimate.mean": {
            "value": 2.0160632133483887,
            "min": -1.4392313957214355,
            "max": 3.5271146297454834,
            "count": 50
        },
        "Car.Policy.ExtrinsicValueEstimate.sum": {
            "value": 379.0198974609375,
            "min": -270.54437255859375,
            "max": 772.4381103515625,
            "count": 50
        },
        "Car.Environment.CumulativeReward.mean": {
            "value": 7.189549883046458,
            "min": -4.53095928043127,
            "max": 10.990569427901624,
            "count": 50
        },
        "Car.Environment.CumulativeReward.sum": {
            "value": 445.7520927488804,
            "min": -289.4139864593744,
            "max": 1149.8480894565582,
            "count": 50
        },
        "Car.Policy.ExtrinsicReward.mean": {
            "value": 7.189549883046458,
            "min": -4.53095928043127,
            "max": 10.990569427901624,
            "count": 50
        },
        "Car.Policy.ExtrinsicReward.sum": {
            "value": 445.7520927488804,
            "min": -289.4139864593744,
            "max": 1149.8480894565582,
            "count": 50
        },
        "Car.IsTraining.mean": {
            "value": 1.0,
            "min": 1.0,
            "max": 1.0,
            "count": 50
        },
        "Car.IsTraining.sum": {
            "value": 1.0,
            "min": 1.0,
            "max": 1.0,
            "count": 50
        },
        "Car.Losses.PolicyLoss.mean": {
            "value": 0.03515953871731957,
            "min": 0.029215225664665924,
            "max": 0.038550558281713165,
            "count": 24
        },
        "Car.Losses.PolicyLoss.sum": {
            "value": 0.03515953871731957,
            "min": 0.029215225664665924,
            "max": 0.038550558281713165,
            "count": 24
        },
        "Car.Losses.ValueLoss.mean": {
            "value": 8.638016255696614,
            "min": 0.41025709186991055,
            "max": 9.286441036065419,
            "count": 24
        },
        "Car.Losses.ValueLoss.sum": {
            "value": 8.638016255696614,
            "min": 0.41025709186991055,
            "max": 9.286441036065419,
            "count": 24
        },
        "Car.Policy.LearningRate.mean": {
            "value": 4.687898437400008e-06,
            "min": 4.687898437400008e-06,
            "max": 0.0002876742041086,
            "count": 24
        },
        "Car.Policy.LearningRate.sum": {
            "value": 4.687898437400008e-06,
            "min": 4.687898437400008e-06,
            "max": 0.0002876742041086,
            "count": 24
        },
        "Car.Policy.Epsilon.mean": {
            "value": 0.10156260000000004,
            "min": 0.10156260000000004,
            "max": 0.19589139999999997,
            "count": 24
        },
        "Car.Policy.Epsilon.sum": {
            "value": 0.10156260000000004,
            "min": 0.10156260000000004,
            "max": 0.19589139999999997,
            "count": 24
        },
        "Car.Policy.Beta.mean": {
            "value": 2.5469740000000034e-05,
            "min": 2.5469740000000034e-05,
            "max": 0.0009593248599999997,
            "count": 24
        },
        "Car.Policy.Beta.sum": {
            "value": 2.5469740000000034e-05,
            "min": 2.5469740000000034e-05,
            "max": 0.0009593248599999997,
            "count": 24
        }
    },
    "metadata": {
        "timer_format_version": "0.1.0",
        "start_time_seconds": "1713014343",
        "python_version": "3.9.11 (main, Mar 30 2022, 02:45:55) [MSC v.1916 64 bit (AMD64)]",
        "command_line_arguments": "C:\\Users\\User\\miniconda3\\envs\\mlagents\\Scripts\\mlagents-learn Car.yaml --run-id=CarDriving66",
        "mlagents_version": "0.30.0",
        "mlagents_envs_version": "0.30.0",
        "communication_protocol_version": "1.5.0",
        "pytorch_version": "2.2.2+cpu",
        "numpy_version": "1.21.2",
        "end_time_seconds": "1713014730"
    },
    "total": 386.7498974,
    "count": 1,
    "self": 0.008105300000011084,
    "children": {
        "run_training.setup": {
            "total": 0.06374479999999982,
            "count": 1,
            "self": 0.06374479999999982
        },
        "TrainerController.start_learning": {
            "total": 386.6780473,
            "count": 1,
            "self": 0.5313932999998201,
            "children": {
                "TrainerController._reset_env": {
                    "total": 5.979201499999999,
                    "count": 1,
                    "self": 5.979201499999999
                },
                "TrainerController.advance": {
                    "total": 380.09370890000025,
                    "count": 28413,
                    "self": 0.5064369999986411,
                    "children": {
                        "env_step": {
                            "total": 207.27903509999825,
                            "count": 28413,
                            "self": 164.78260739999462,
                            "children": {
                                "SubprocessEnvManager._take_step": {
                                    "total": 42.148976800002956,
                                    "count": 28413,
                                    "self": 1.5527619999992126,
                                    "children": {
                                        "TorchPolicy.evaluate": {
                                            "total": 40.59621480000374,
                                            "count": 25034,
                                            "self": 40.59621480000374
                                        }
                                    }
                                },
                                "workers": {
                                    "total": 0.3474509000006778,
                                    "count": 28413,
                                    "self": 0.0,
                                    "children": {
                                        "worker_root": {
                                            "total": 380.395317699998,
                                            "count": 28413,
                                            "is_parallel": true,
                                            "self": 254.49061510000013,
                                            "children": {
                                                "steps_from_proto": {
                                                    "total": 0.00039190000000033365,
                                                    "count": 1,
                                                    "is_parallel": true,
                                                    "self": 0.00013700000000049783,