{
    "name": "root",
    "gauges": {
        "Car.Policy.Entropy.mean": {
            "value": 1.6469676494598389,
            "min": 1.6469676494598389,
            "max": 2.1970250606536865,
            "count": 50
        },
        "Car.Policy.Entropy.sum": {
            "value": 16552.025390625,
            "min": 16268.77734375,
            "max": 23859.578125,
            "count": 50
        },
        "Car.Environment.EpisodeLength.mean": {
            "value": 313.61290322580646,
            "min": 66.4391891891892,
            "max": 326.55172413793105,
            "count": 50
        },
        "Car.Environment.EpisodeLength.sum": {
            "value": 9722.0,
            "min": 7748.0,
            "max": 12184.0,
            "count": 50
        },
        "Car.Step.mean": {
            "value": 499966.0,
            "min": 9989.0,
            "max": 499966.0,
            "count": 50
        },
        "Car.Step.sum": {
            "value": 499966.0,
            "min": 9989.0,
            "max": 499966.0,
            "count": 50
        },
        "Car.Policy.ExtrinsicValueEstimate.mean": {
            "value": 5.805774211883545,
            "min": -1.4823976755142212,
            "max": 5.805774211883545,
            "count": 50
        },
        "Car.Policy.ExtrinsicValueEstimate.sum": {
            "value": 998.5931396484375,
            "min": -302.40911865234375,
            "max": 998.5931396484375,
            "count": 50
        },
        "Car.Environment.CumulativeReward.mean": {
            "value": 39.752067515926974,
            "min": -3.8626687599195018,
            "max": 40.14045150423872,
            "count": 50
        },
        "Car.Environment.CumulativeReward.sum": {
            "value": 1232.3140929937363,
            "min": -571.6749764680862,
            "max": 1429.1661159694195,
            "count": 50
        },
        "Car.Policy.ExtrinsicReward.mean": {
            "value": 39.752067515926974,
            "min": -3.8626687599195018,
            "max": 40.14045150423872,
            "count": 50
        },
        "Car.Policy.ExtrinsicReward.sum": {
            "value": 1232.3140929937363,
            "min": -571.6749764680862,
            "max": 1429.1661159694195,
            "count": 50
        },
        "Car.IsTraining.mean": {
            "value": 1.0,
            "min": 1.0,
            "max": 1.0,
            "count": 50
        },
        "Car.IsTraining.sum": {
            "value": 1.0,
            "min": 1.0,
            "max": 1.0,
            "count": 50
        },
        "Car.Losses.PolicyLoss.mean": {
            "value": 0.02314528503920883,
            "min": 0.02282582913467195,
            "max": 0.027143503096885978,
            "count": 12
        },
        "Car.Losses.PolicyLoss.sum": {
            "value": 0.02314528503920883,
            "min": 0.02282582913467195,
            "max": 0.027143503096885978,
            "count": 12
        },
        "Car.Losses.ValueLoss.mean": {
            "value": 12.233977762858073,
            "min": 0.8445496355493863,
            "max": 12.233977762858073,
            "count": 12
        },
        "Car.Losses.ValueLoss.sum": {
            "value": 12.233977762858073,
            "min": 0.8445496355493863,
            "max": 12.233977762858073,
            "count": 12
        },
        "Car.Policy.LearningRate.mean": {
            "value": 4.870898376400008e-06,
            "min": 4.870898376400008e-06,
            "max": 0.0002753982082006,
            "count": 12
        },
        "Car.Policy.LearningRate.sum": {
            "value": 4.870898376400008e-06,
            "min": 4.870898376400008e-06,
            "max": 0.0002753982082006,
            "count": 12
        },
        "Car.Policy.Epsilon.mean": {
            "value": 0.10162359999999998,
            "min": 0.10162359999999998,
            "max": 0.19179939999999998,
            "count": 12
        },
        "Car.Policy.Epsilon.sum": {
            "value": 0.10162359999999998,
            "min": 0.10162359999999998,
            "max": 0.19179939999999998,
            "count": 12
        },
        "Car.Policy.Beta.mean": {
            "value": 2.6073640000000034e-05,
            "min": 2.6073640000000034e-05,
            "max": 0.0009188140600000001,
            "count": 12
        },
        "Car.Policy.Beta.sum": {
            "value": 2.6073640000000034e-05,
            "min": 2.6073640000000034e-05,
            "max": 0.0009188140600000001,
            "count": 12
        }
    },
    "metadata": {
        "timer_format_version": "0.1.0",
        "start_time_seconds": "1713112459",
        "python_version": "3.9.11 (main, Mar 30 2022, 02:45:55) [MSC v.1916 64 bit (AMD64)]",
        "command_line_arguments": "C:\\Users\\User\\miniconda3\\envs\\mlagents\\Scripts\\mlagents-learn Car.yaml --run-id=CarDriving124",
        "mlagents_version": "0.30.0",
        "mlagents_envs_version": "0.30.0",
        "communication_protocol_version": "1.5.0",
        "pytorch_version": "2.2.2+cpu",
        "numpy_version": "1.21.2",
        "end_time_seconds": "1713112831"
    },
    "total": 371.4704926,
    "count": 1,
    "self": 0.008742499999982556,
    "children": {
        "run_training.setup": {
            "total": 0.06728270000000003,
            "count": 1,
            "self": 0.06728270000000003
        },
        "TrainerController.start_learning": {
            "total": 371.3944674,
            "count": 1,
            "self": 0.42230780000011237,
            "children": {
                "TrainerController._reset_env": {
                    "total": 6.597987100000001,
                    "count": 1,
                    "self": 6.597987100000001
                },
                "TrainerController.advance": {
                    "total": 364.2946628999998,
                    "count": 19248,
                    "self": 0.4008593999999448,
                    "children": {
                        "env_step": {
                            "total": 180.49850089999975,
                            "count": 19248,
                            "self": 148.6879911999997,
                            "children": {
                                "SubprocessEnvManager._take_step": {
                                    "total": 31.555394600000458,
                                    "count": 19248,
                                    "self": 1.4314732000027206,
                                    "children": {
                                        "TorchPolicy.evaluate": {
                                            "total": 30.123921399997737,
                                            "count": 16699,
                                            "self": 30.123921399997737
                                        }
                                    }
                                },
                                "workers": {
                                    "total": 0.2551150999995997,
                                    "count": 19248,
                                    "self": 0.0,
                                    "children": {
                                        "worker_root": {
                                            "total": 364.6562959000017,
                                            "count": 19248,
                                            "is_parallel": true,
                                            "self": 252.00649200000476,
                                            "children": {
                                                "steps_from_proto": {
                                                    "total": 0.0005231999999999459,
                                                    "count": 1,
                                                    "is_parallel": true,
                                                    "self": 0.00015810000000104907,