{
    "name": "root",
    "metadata": {
        "timer_format_version": "0.1.0",
        "start_time_seconds": "1713024069",
        "python_version": "3.9.11 (main, Mar 30 2022, 02:45:55) [MSC v.1916 64 bit (AMD64)]",
        "command_line_arguments": "C:\\Users\\User\\miniconda3\\envs\\mlagents\\Scripts\\mlagents-learn Car.yaml --run-id=CarDriving85",
        "mlagents_version": "0.30.0",
        "mlagents_envs_version": "0.30.0",
        "communication_protocol_version": "1.5.0",
        "pytorch_version": "2.2.2+cpu",
        "numpy_version": "1.21.2",
        "end_time_seconds": "1713024104"
    },
    "total": 35.12813370000001,
    "count": 1,
    "self": 0.003530700000005993,
    "children": {
        "run_training.setup": {
            "total": 0.05819379999999996,
            "count": 1,
            "self": 0.05819379999999996
        },
        "TrainerController.start_learning": {
            "total": 35.0664092,
            "count": 1,
            "self": 0.003841600000022538,
            "children": {
                "TrainerController._reset_env": {
                    "total": 7.408617100000001,
                    "count": 1,
                    "self": 7.408617100000001
                },
                "TrainerController.advance": {
                    "total": 27.572713899999986,
                    "count": 201,
                    "self": 0.0037089000000065653,
                    "children": {
                        "env_step": {
                            "total": 27.233435299999996,
                            "count": 201,
                            "self": 26.93583039999998,
                            "children": {
                                "SubprocessEnvManager._take_step": {
                                    "total": 0.29540380000000255,
                                    "count": 201,
                                    "self": 0.012190800000025703,
                                    "children": {
                                        "TorchPolicy.evaluate": {
                                            "total": 0.28321299999997684,
                                            "count": 194,
                                            "self": 0.28321299999997684
                                        }
                                    }
                                },
                                "workers": {
                                    "total": 0.002201100000014833,
                                    "count": 200,
                                    "self": 0.0,
                                    "children": {
                                        "worker_root": {
                                            "total": 3.6528032999999995,
                                            "count": 200,
                                            "is_parallel": true,
                                            "self": 1.5035338000000031,
                                            "children": {
                                                "steps_from_proto": {
                                                    "total": 0.000517099999999715,
                                                    "count": 1,
                                                    "is_parallel": true,
                                                    "self": 0.00016569999999838103,
                                                    "children": {
                                                        "_process_rank_one_or_two_observation": {
                                                            "total": 0.000351400000001334,
                                                            "count": 4,
                                                            "is_parallel": true,
                                                            "self": 0.000351400000001334
                                                        }
                                                    }
                                                },
                                                "UnityEnvironment.step": {
                                                    "total": 2.1487523999999967,
                                                    "count": 200,
                                                    "is_parallel": true,
                                                    "self": 0.039321099999988895,
                                                    "children": {
                                                        "UnityEnvironment._generate_step_input": {
                                                            "total": 0.06778140000000032,
                                                            "count": 200,
                                                            "is_parallel": true,
                                                            "self": 0.06778140000000032
                                                        },
                                                        "communicator.exchange": {
                                                            "total": 1.9329608000000098,
                                                            "count": 200,
                                                            "is_parallel": true,
                                                            "self": 1.9329608000000098
                                                        },
                                                        "steps_from_proto": {
                                                            "total": 0.10868909999999765,
                                                            "count": 200,
                                                            "is_parallel": true,
                                                            "self": 0.03715909999993894,
                                                            "children": {
                                                                "_process_rank_one_or_two_observation": {
                                                                    "total": 0.07153000000005871,
                                                                    "count": 800,
                                                                    "is_parallel": true,
                                                                    "self": 0.07153000000005871
                                                                }
                                                            }
                                                        }
                                                    }
                                                }
                                            }
                                        }
                                    }
                                }
                            }
                        },
                        "trainer_advance": {
                            "total": 0.3355696999999829,
                            "count": 200,
                            "self": 0.004196999999983575,
                            "children": {
                                "process_trajectory": {
                                    "total": 0.3313726999999993,
                                    "count": 200,
                                    "self": 0.3313726999999993
                                }
                            }
                        }
                    }
                },
                "trainer_threads": {
                    "total": 1.3999999950442543e-06,
                    "count": 1,
                    "self": 1.3999999950442543e-06
                },
                "TrainerController._save_models": {
                    "total": 0.08123520000000184,
                    "count": 1,
                    "self": 0.006342099999997686,