{
    "name": "root",
    "gauges": {
        "Car.Policy.Entropy.mean": {
            "value": 1.537520170211792,
            "min": 1.5183478593826294,
            "max": 2.197009563446045,
            "count": 50
        },
        "Car.Policy.Entropy.sum": {
            "value": 15498.203125,
            "min": 12389.71875,
            "max": 25309.08984375,
            "count": 50
        },
        "Car.Step.mean": {
            "value": 499936.0,
            "min": 9984.0,
            "max": 499936.0,
            "count": 50
        },
        "Car.Step.sum": {
            "value": 499936.0,
            "min": 9984.0,
            "max": 499936.0,
            "count": 50
        },
        "Car.Policy.ExtrinsicValueEstimate.mean": {
            "value": 5.2267889976501465,
            "min": -0.9861328601837158,
            "max": 5.394615650177002,
            "count": 50
        },
        "Car.Policy.ExtrinsicValueEstimate.sum": {
            "value": 930.368408203125,
            "min": -175.53164672851562,
            "max": 930.368408203125,
            "count": 50
        },
        "Car.IsTraining.mean": {
            "value": 1.0,
            "min": 1.0,
            "max": 1.0,
            "count": 50
        },
        "Car.IsTraining.sum": {
            "value": 1.0,
            "min": 1.0,
            "max": 1.0,
            "count": 50
        },
        "Car.Environment.EpisodeLength.mean": {
            "value": 399.0,
            "min": 399.0,
            "max": 399.0,
            "count": 41
        },
        "Car.Environment.EpisodeLength.sum": {
            "value": 11970.0,
            "min": 11970.0,
            "max": 11970.0,
            "count": 41
        },
        "Car.Environment.CumulativeReward.mean": {
            "value": 39.533335878451666,
            "min": -13.199998983244102,
            "max": 53.00000333786011,
            "count": 49
        },
        "Car.Environment.CumulativeReward.sum": {
            "value": 1186.00007635355,
            "min": -395.99996949732304,
            "max": 1221.0000785142183,
            "count": 49
        },
        "Car.Policy.ExtrinsicReward.mean": {
            "value": 39.533335878451666,
            "min": -13.199998983244102,
            "max": 53.00000333786011,
            "count": 49
        },
        "Car.Policy.ExtrinsicReward.sum": {
            "value": 1186.00007635355,
            "min": -395.99996949732304,
            "max": 1221.0000785142183,
            "count": 49
        },
        "Car.Losses.PolicyLoss.mean": {
            "value": 0.02341255761883638,
            "min": 0.0233723242716046,
            "max": 0.026585551745180663,
            "count": 11
        },
        "Car.Losses.PolicyLoss.sum": {
            "value": 0.02341255761883638,
            "min": 0.0233723242716046,
            "max": 0.026585551745180663,
            "count": 11
        },
        "Car.Losses.ValueLoss.mean": {
            "value": 6.180198898160361,
            "min": 0.3014035905400912,
            "max": 6.180198898160361,
            "count": 11
        },
        "Car.Losses.ValueLoss.sum": {
            "value": 6.180198898160361,
            "min": 0.3014035905400912,
            "max": 6.180198898160361,
            "count": 11
        },
        "Car.Policy.LearningRate.mean": {
            "value": 2.2944092352000006e-05,
            "min": 2.2944092352000006e-05,
            "max": 0.00027494400835200003,
            "count": 11
        },
        "Car.Policy.LearningRate.sum": {
            "value": 2.2944092352000006e-05,
            "min": 2.2944092352000006e-05,
            "max": 0.00027494400835200003,
            "count": 11
        },
        "Car.Policy.Epsilon.mean": {
            "value": 0.10764799999999997,
            "min": 0.10764799999999997,
            "max": 0.19164799999999996,
            "count": 11
        },
        "Car.Policy.Epsilon.sum": {
            "value": 0.10764799999999997,
            "min": 0.10764799999999997,
            "max": 0.19164799999999996,
            "count": 11
        },
        "Car.Policy.Beta.mean": {
            "value": 8.571519999999995e-05,
            "min": 8.571519999999995e-05,
            "max": 0.0009173151999999998,
            "count": 11
        },
        "Car.Policy.Beta.sum": {
            "value": 8.571519999999995e-05,
            "min": 8.571519999999995e-05,
            "max": 0.0009173151999999998,
            "count": 11
        }
    },
    "metadata": {
        "timer_format_version": "0.1.0",
        "start_time_seconds": "1713031351",
        "python_version": "3.9.11 (main, Mar 30 2022, 02:45:55) [MSC v.1916 64 bit (AMD64)]",
        "command_line_arguments": "C:\\Users\\User\\miniconda3\\envs\\mlagents\\Scripts\\mlagents-learn Car.yaml --run-id=CarDriving101",
        "mlagents_version": "0.30.0",
        "mlagents_envs_version": "0.30.0",
        "communication_protocol_version": "1.5.0",
        "pytorch_version": "2.2.2+cpu",
        "numpy_version": "1.21.2",
        "end_time_seconds": "1713031696"
    },
    "total": 344.8278853,
    "count": 1,
    "self": 0.008258000000012089,
    "children": {
        "run_training.setup": {
            "total": 0.07085389999999991,
            "count": 1,
            "self": 0.07085389999999991
        },
        "TrainerController.start_learning": {
            "total": 344.7487734,
            "count": 1,
            "self": 0.3068733000021098,
            "children": {
                "TrainerController._reset_env": {
                    "total": 6.581472300000001,
                    "count": 1,
                    "self": 6.581472300000001
                },
                "TrainerController.advance": {
                    "total": 337.7895537999979,
                    "count": 16720,
                    "self": 0.3218333999994343,
                    "children": {
                        "env_step": {
                            "total": 186.84984109999854,
                            "count": 16720,
                            "self": 157.3219557999991,
                            "children": {
                                "SubprocessEnvManager._take_step": {
                                    "total": 29.31965379999984,
                                    "count": 16720,
                                    "self": 1.4015888000024503,
                                    "children": {
                                        "TorchPolicy.evaluate": {
                                            "total": 27.91806499999739,
                                            "count": 16720,
                                            "self": 27.91806499999739
                                        }
                                    }
                                },
                                "workers": {
                                    "total": 0.20823149999961288,
                                    "count": 16720,
                                    "self": 0.0,
                                    "children": {
                                        "worker_root": {
                                            "total": 338.0178362000005,
                                            "count": 16720,
                                            "is_parallel": true,
                                            "self": 213.52667360000203,
                                            "children": {
                                                "steps_from_proto": {
                                                    "total": 0.00043170000000003483,
                                                    "count": 1,
                                                    "is_parallel": true,
                                                    "self": 0.00013739999999895502,