{
    "name": "root",
    "gauges": {
        "Car.Policy.Entropy.mean": {
            "value": 2.1896536350250244,
            "min": 2.1896536350250244,
            "max": 2.196889638900757,
            "count": 7
        },
        "Car.Policy.Entropy.sum": {
            "value": 21743.26171875,
            "min": 21423.205078125,
            "max": 24187.208984375,
            "count": 7
        },
        "Car.Environment.EpisodeLength.mean": {
            "value": 388.6666666666667,
            "min": 184.41935483870967,
            "max": 388.6666666666667,
            "count": 7
        },
        "Car.Environment.EpisodeLength.sum": {
            "value": 8162.0,
            "min": 5717.0,
            "max": 11770.0,
            "count": 7
        },
        "Car.Step.mean": {
            "value": 69951.0,
            "min": 9972.0,
            "max": 69951.0,
            "count": 7
        },
        "Car.Step.sum": {
            "value": 69951.0,
            "min": 9972.0,
            "max": 69951.0,
            "count": 7
        },
        "Car.Policy.ExtrinsicValueEstimate.mean": {
            "value": -1.3172028064727783,
            "min": -1.3172028064727783,
            "max": 0.01612474024295807,
            "count": 7
        },
        "Car.Policy.ExtrinsicValueEstimate.sum": {
            "value": -218.65567016601562,
            "min": -223.24331665039062,
            "max": 2.7734553813934326,
            "count": 7
        },
        "Car.Environment.CumulativeReward.mean": {
            "value": -17.642723238184338,
            "min": -19.237236005067825,
            "max": -15.140063869376336,
            "count": 7
        },
        "Car.Environment.CumulativeReward.sum": {
            "value": -370.4971880018711,
            "min": -557.4933356940746,
            "max": -370.4971880018711,
            "count": 7
        },
        "Car.Policy.ExtrinsicReward.mean": {
            "value": -17.642723238184338,
            "min": -19.237236005067825,
            "max": -15.140063869376336,
            "count": 7
        },
        "Car.Policy.ExtrinsicReward.sum": {
            "value": -370.4971880018711,
            "min": -557.4933356940746,
            "max": -370.4971880018711,
            "count": 7
        },
        "Car.IsTraining.mean": {
            "value": 1.0,
            "min": 1.0,
            "max": 1.0,
            "count": 7
        },
        "Car.IsTraining.sum": {
            "value": 1.0,
            "min": 1.0,
            "max": 1.0,
            "count": 7
        },
        "Car.Losses.PolicyLoss.mean": {
            "value": 0.02364052986376919,
            "min": 0.02364052986376919,
            "max": 0.02364052986376919,
            "count": 1
        },
        "Car.Losses.PolicyLoss.sum": {
            "value": 0.02364052986376919,
            "min": 0.02364052986376919,
            "max": 0.02364052986376919,
            "count": 1
        },
        "Car.Losses.ValueLoss.mean": {
            "value": 4.5658544361591336,
            "min": 4.5658544361591336,
            "max": 4.5658544361591336,
            "count": 1
        },
        "Car.Losses.ValueLoss.sum": {
            "value": 4.5658544361591336,
            "min": 4.5658544361591336,
            "max": 4.5658544361591336,
            "count": 1
        },
        "Car.Policy.LearningRate.mean": {
            "value": 0.00027540660819779997,
            "min": 0.00027540660819779997,
            "max": 0.00027540660819779997,
            "count": 1
        },
        "Car.Policy.LearningRate.sum": {
            "value": 0.00027540660819779997,
            "min": 0.00027540660819779997,
            "max": 0.00027540660819779997,
            "count": 1
        },
        "Car.Policy.Epsilon.mean": {
            "value": 0.19180220000000003,
            "min": 0.19180220000000003,
            "max": 0.19180220000000003,
            "count": 1
        },
        "Car.Policy.Epsilon.sum": {
            "value": 0.19180220000000003,
            "min": 0.19180220000000003,
            "max": 0.19180220000000003,
            "count": 1
        },
        "Car.Policy.Beta.mean": {
            "value": 0.0009188417800000003,
            "min": 0.0009188417800000003,
            "max": 0.0009188417800000003,
            "count": 1
        },
        "Car.Policy.Beta.sum": {
            "value": 0.0009188417800000003,
            "min": 0.0009188417800000003,
            "max": 0.0009188417800000003,
            "count": 1
        }
    },
    "metadata": {
        "timer_format_version": "0.1.0",
        "start_time_seconds": "1713033412",
        "python_version": "3.9.11 (main, Mar 30 2022, 02:45:55) [MSC v.1916 64 bit (AMD64)]",
        "command_line_arguments": "C:\\Users\\User\\miniconda3\\envs\\mlagents\\Scripts\\mlagents-learn Car.yaml --run-id=CarDriving105",
        "mlagents_version": "0.30.0",
        "mlagents_envs_version": "0.30.0",
        "communication_protocol_version": "1.5.0",
        "pytorch_version": "2.2.2+cpu",
        "numpy_version": "1.21.2",
        "end_time_seconds": "1713033475"
    },
    "total": 62.367961900000005,
    "count": 1,
    "self": 10.004286100000002,
    "children": {
        "run_training.setup": {
            "total": 0.06939139999999999,
            "count": 1,
            "self": 0.06939139999999999
        },
        "TrainerController.start_learning": {
            "total": 52.2942844,
            "count": 1,
            "self": 0.03485359999991289,
            "children": {
                "TrainerController._reset_env": {
                    "total": 7.3581921,
                    "count": 1,
                    "self": 7.3581921
                },
                "TrainerController.advance": {
                    "total": 44.823617300000095,
                    "count": 2540,
                    "self": 0.03445340000024544,
                    "children": {
                        "env_step": {
                            "total": 36.5330250000001,
                            "count": 2540,
                            "self": 34.258158100000166,
                            "children": {
                                "SubprocessEnvManager._take_step": {
                                    "total": 2.254863800000061,
                                    "count": 2541,
                                    "self": 0.14343869999997771,
                                    "children": {
                                        "TorchPolicy.evaluate": {
                                            "total": 2.1114251000000834,
                                            "count": 2398,
                                            "self": 2.1114251000000834
                                        }
                                    }
                                },
                                "workers": {
                                    "total": 0.020003099999874152,
                                    "count": 2539,
                                    "self": 0.0,
                                    "children": {
                                        "worker_root": {
                                            "total": 29.40354049999994,
                                            "count": 2539,
                                            "is_parallel": true,
                                            "self": 13.718104899999965,
                                            "children": {
                                                "steps_from_proto": {
                                                    "total": 0.000927200000000461,
                                                    "count": 2,
                                                    "is_parallel": true,
                                                    "self": 0.00028240000000234744,