{
    "name": "root",
    "gauges": {
        "Car.Policy.Entropy.mean": {
            "value": 1.4817795753479004,
            "min": 1.4289852380752563,
            "max": 2.1969261169433594,
            "count": 50
        },
        "Car.Policy.Entropy.sum": {
            "value": 15884.6767578125,
            "min": 13489.6201171875,
            "max": 23551.046875,
            "count": 50
        },
        "Car.Step.mean": {
            "value": 499936.0,
            "min": 9984.0,
            "max": 499936.0,
            "count": 50
        },
        "Car.Step.sum": {
            "value": 499936.0,
            "min": 9984.0,
            "max": 499936.0,
            "count": 50
        },
        "Car.Policy.ExtrinsicValueEstimate.mean": {
            "value": -0.06176568195223808,
            "min": -0.6986774802207947,
            "max": 1.4918218851089478,
            "count": 50
        },
        "Car.Policy.ExtrinsicValueEstimate.sum": {
            "value": -10.37663459777832,
            "min": -117.37781524658203,
            "max": 252.11790466308594,
            "count": 50
        },
        "Car.IsTraining.mean": {
            "value": 1.0,
            "min": 1.0,
            "max": 1.0,
            "count": 50
        },
        "Car.IsTraining.sum": {
            "value": 1.0,
            "min": 1.0,
            "max": 1.0,
            "count": 50
        },
        "Car.Environment.EpisodeLength.mean": {
            "value": 599.0,
            "min": 599.0,
            "max": 599.0,
            "count": 41
        },
        "Car.Environment.EpisodeLength.sum": {
            "value": 11980.0,
            "min": 11980.0,
            "max": 11980.0,
            "count": 41
        },
        "Car.Environment.CumulativeReward.mean": {
            "value": 1.3675034552812577,
            "min": -12.19999486207962,
            "max": 31.150001108646393,
            "count": 49
        },
        "Car.Environment.CumulativeReward.sum": {
            "value": 27.350069105625153,
            "min": -220.39997839927673,
            "max": 355.9000579416752,
            "count": 49
        },
        "Car.Policy.ExtrinsicReward.mean": {
            "value": 1.3675034552812577,
            "min": -12.19999486207962,
            "max": 31.150001108646393,
            "count": 49
        },
        "Car.Policy.ExtrinsicReward.sum": {
            "value": 27.350069105625153,
            "min": -220.39997839927673,
            "max": 355.9000579416752,
            "count": 49
        },
        "Car.Losses.PolicyLoss.mean": {
            "value": 0.03351139331546923,
            "min": 0.03182909312308766,
            "max": 0.03856938143338387,
            "count": 23
        },
        "Car.Losses.PolicyLoss.sum": {
            "value": 0.03351139331546923,
            "min": 0.03182909312308766,
            "max": 0.03856938143338387,
            "count": 23
        },
        "Car.Losses.ValueLoss.mean": {
            "value": 3.8910612165927887,
            "min": 0.3057328810294469,
            "max": 5.165827944995911,
            "count": 23
        },
        "Car.Losses.ValueLoss.sum": {
            "value": 3.8910612165927887,
            "min": 0.3057328810294469,
            "max": 5.165827944995911,
            "count": 23
        },
        "Car.Policy.LearningRate.mean": {
            "value": 5.856098047999995e-06,
            "min": 5.856098047999995e-06,
            "max": 0.000287424004192,
            "count": 23
        },
        "Car.Policy.LearningRate.sum": {
            "value": 5.856098047999995e-06,
            "min": 5.856098047999995e-06,
            "max": 0.000287424004192,
            "count": 23
        },
        "Car.Policy.Epsilon.mean": {
            "value": 0.10195200000000003,
            "min": 0.10195200000000003,
            "max": 0.195808,
            "count": 23
        },
        "Car.Policy.Epsilon.sum": {
            "value": 0.10195200000000003,
            "min": 0.10195200000000003,
            "max": 0.195808,
            "count": 23
        },
        "Car.Policy.Beta.mean": {
            "value": 2.9324799999999994e-05,
            "min": 2.9324799999999994e-05,
            "max": 0.0009584992000000003,
            "count": 23
        },
        "Car.Policy.Beta.sum": {
            "value": 2.9324799999999994e-05,
            "min": 2.9324799999999994e-05,
            "max": 0.0009584992000000003,
            "count": 23
        }
    },
    "metadata": {
        "timer_format_version": "0.1.0",
        "start_time_seconds": "1713011716",
        "python_version": "3.9.11 (main, Mar 30 2022, 02:45:55) [MSC v.1916 64 bit (AMD64)]",
        "command_line_arguments": "C:\\Users\\User\\miniconda3\\envs\\mlagents\\Scripts\\mlagents-learn Car.yaml --run-id=collison_70_4_3",
        "mlagents_version": "0.30.0",
        "mlagents_envs_version": "0.30.0",
        "communication_protocol_version": "1.5.0",
        "pytorch_version": "2.2.2+cpu",
        "numpy_version": "1.21.2",
        "end_time_seconds": "1713012097"
    },
    "total": 381.6304696,
    "count": 1,
    "self": 0.009670100000050752,
    "children": {
        "run_training.setup": {
            "total": 0.061702900000000005,
            "count": 1,
            "self": 0.061702900000000005
        },
        "TrainerController.start_learning": {
            "total": 381.5590966,
            "count": 1,
            "self": 0.46515639999870473,
            "children": {
                "TrainerController._reset_env": {
                    "total": 6.7257174,
                    "count": 1,
                    "self": 6.7257174
                },
                "TrainerController.advance": {
                    "total": 374.29682010000124,
                    "count": 25048,
                    "self": 0.4417840000035085,
                    "children": {
                        "env_step": {
                            "total": 208.74316249999814,
                            "count": 25048,
                            "self": 164.17642979999732,
                            "children": {
                                "SubprocessEnvManager._take_step": {
                                    "total": 44.26532740000096,
                                    "count": 25048,
                                    "self": 1.5346098000012631,
                                    "children": {
                                        "TorchPolicy.evaluate": {
                                            "total": 42.7307175999997,
                                            "count": 25048,
                                            "self": 42.7307175999997
                                        }
                                    }
                                },
                                "workers": {
                                    "total": 0.30140529999984267,
                                    "count": 25048,
                                    "self": 0.0,
                                    "children": {
                                        "worker_root": {
                                            "total": 374.53106209999805,
                                            "count": 25048,
                                            "is_parallel": true,
                                            "self": 246.10431340000176,
                                            "children": {
                                                "steps_from_proto": {
                                                    "total": 0.00040740000000027976,
                                                    "count": 1,
                                                    "is_parallel": true,
                                                    "self": 0.00013669999999965654,