{
    "name": "root",
    "metadata": {
        "timer_format_version": "0.1.0",
        "start_time_seconds": "1713023370",
        "python_version": "3.9.11 (main, Mar 30 2022, 02:45:55) [MSC v.1916 64 bit (AMD64)]",
        "command_line_arguments": "C:\\Users\\User\\miniconda3\\envs\\mlagents\\Scripts\\mlagents-learn Car.yaml --run-id=CarDriving83",
        "mlagents_version": "0.30.0",
        "mlagents_envs_version": "0.30.0",
        "communication_protocol_version": "1.5.0",
        "pytorch_version": "2.2.2+cpu",
        "numpy_version": "1.21.2",
        "end_time_seconds": "1713023386"
    },
    "total": 16.102433700000002,
    "count": 1,
    "self": 0.004013199999999273,
    "children": {
        "run_training.setup": {
            "total": 0.06283539999999999,
            "count": 1,
            "self": 0.06283539999999999
        },
        "TrainerController.start_learning": {
            "total": 16.035585100000002,
            "count": 1,
            "self": 0.004745099999990288,
            "children": {
                "TrainerController._reset_env": {
                    "total": 9.2110288,
                    "count": 1,
                    "self": 9.2110288
                },
                "TrainerController.advance": {
                    "total": 6.742389200000009,
                    "count": 216,
                    "self": 0.004611899999995117,
                    "children": {
                        "env_step": {
                            "total": 6.458392200000015,
                            "count": 216,
                            "self": 6.033624500000018,
                            "children": {
                                "SubprocessEnvManager._take_step": {
                                    "total": 0.42197969999999074,
                                    "count": 216,
                                    "self": 0.01543309999998499,
                                    "children": {
                                        "TorchPolicy.evaluate": {
                                            "total": 0.40654660000000575,
                                            "count": 214,
                                            "self": 0.40654660000000575
                                        }
                                    }
                                },
                                "workers": {
                                    "total": 0.002788000000006008,
                                    "count": 215,
                                    "self": 0.0,
                                    "children": {
                                        "worker_root": {
                                            "total": 4.176709099999995,
                                            "count": 215,
                                            "is_parallel": true,
                                            "self": 2.0836334,
                                            "children": {
                                                "steps_from_proto": {
                                                    "total": 0.0008883999999991232,
                                                    "count": 1,
                                                    "is_parallel": true,
                                                    "self": 0.0003363999999965728,
                                                    "children": {
                                                        "_process_rank_one_or_two_observation": {
                                                            "total": 0.0005520000000025505,
                                                            "count": 4,
                                                            "is_parallel": true,
                                                            "self": 0.0005520000000025505
                                                        }
                                                    }
                                                },
                                                "UnityEnvironment.step": {
                                                    "total": 2.0921872999999955,
                                                    "count": 215,
                                                    "is_parallel": true,
                                                    "self": 0.04136410000001689,
                                                    "children": {
                                                        "UnityEnvironment._generate_step_input": {
                                                            "total": 0.07922139999997135,
                                                            "count": 215,
                                                            "is_parallel": true,
                                                            "self": 0.07922139999997135
                                                        },
                                                        "communicator.exchange": {
                                                            "total": 1.8425246999999931,
                                                            "count": 215,
                                                            "is_parallel": true,
                                                            "self": 1.8425246999999931
                                                        },
                                                        "steps_from_proto": {
                                                            "total": 0.12907710000001416,
                                                            "count": 215,
                                                            "is_parallel": true,
                                                            "self": 0.04951659999999691,
                                                            "children": {
                                                                "_process_rank_one_or_two_observation": {
                                                                    "total": 0.07956050000001724,
                                                                    "count": 860,
                                                                    "is_parallel": true,
                                                                    "self": 0.07956050000001724
                                                                }
                                                            }
                                                        }
                                                    }
                                                }
                                            }
                                        }
                                    }
                                }
                            }
                        },
                        "trainer_advance": {
                            "total": 0.27938509999999894,
                            "count": 215,
                            "self": 0.004800800000003491,
                            "children": {
                                "process_trajectory": {
                                    "total": 0.27458429999999545,
                                    "count": 215,
                                    "self": 0.27458429999999545
                                }
                            }
                        }
                    }
                },
                "trainer_threads": {
                    "total": 1.300000000981072e-06,
                    "count": 1,
                    "self": 1.300000000981072e-06
                },
                "TrainerController._save_models": {
                    "total": 0.07742070000000112,
                    "count": 1,
                    "self": 0.0062863000000028535,