{
    "name": "root",
    "gauges": {
        "Car.Policy.Entropy.mean": {
            "value": 1.3352752923965454,
            "min": 1.3326261043548584,
            "max": 2.1970176696777344,
            "count": 100
        },
        "Car.Policy.Entropy.sum": {
            "value": 13699.9248046875,
            "min": 13056.947265625,
            "max": 25309.109375,
            "count": 100
        },
        "Car.Step.mean": {
            "value": 999991.0,
            "min": 9987.0,
            "max": 999991.0,
            "count": 100
        },
        "Car.Step.sum": {
            "value": 999991.0,
            "min": 9987.0,
            "max": 999991.0,
            "count": 100
        },
        "Car.Policy.ExtrinsicValueEstimate.mean": {
            "value": 9.396754264831543,
            "min": -1.2886346578598022,
            "max": 9.782299995422363,
            "count": 100
        },
        "Car.Policy.ExtrinsicValueEstimate.sum": {
            "value": 1578.6546630859375,
            "min": -212.62472534179688,
            "max": 1594.514892578125,
            "count": 100
        },
        "Car.Environment.EpisodeLength.mean": {
            "value": 531.3157894736842,
            "min": 130.0,
            "max": 599.0,
            "count": 100
        },
        "Car.Environment.EpisodeLength.sum": {
            "value": 10095.0,
            "min": 130.0,
            "max": 17970.0,
            "count": 100
        },
        "Car.Environment.CumulativeReward.mean": {
            "value": 69.99737327898804,
            "min": -19.99710189268507,
            "max": 75.39031282296547,
            "count": 100
        },
        "Car.Environment.CumulativeReward.sum": {
            "value": 1329.9500923007727,
            "min": -579.915954887867,
            "max": 1454.7261119782925,
            "count": 100
        },
        "Car.Policy.ExtrinsicReward.mean": {
            "value": 69.99737327898804,
            "min": -19.99710189268507,
            "max": 75.39031282296547,
            "count": 100
        },
        "Car.Policy.ExtrinsicReward.sum": {
            "value": 1329.9500923007727,
            "min": -579.915954887867,
            "max": 1454.7261119782925,
            "count": 100
        },
        "Car.IsTraining.mean": {
            "value": 1.0,
            "min": 1.0,
            "max": 1.0,
            "count": 100
        },
        "Car.IsTraining.sum": {
            "value": 1.0,
            "min": 1.0,
            "max": 1.0,
            "count": 100
        },
        "Car.Losses.PolicyLoss.mean": {
            "value": 0.022983139947367212,
            "min": 0.021444971663489316,
            "max": 0.029281834739958868,
            "count": 24
        },
        "Car.Losses.PolicyLoss.sum": {
            "value": 0.022983139947367212,
            "min": 0.021444971663489316,
            "max": 0.029281834739958868,
            "count": 24
        },
        "Car.Losses.ValueLoss.mean": {
            "value": 9.079477175076802,
            "min": 0.8049213886260986,
            "max": 9.658612132072449,
            "count": 24
        },
        "Car.Losses.ValueLoss.sum": {
            "value": 9.079477175076802,
            "min": 0.8049213886260986,
            "max": 9.658612132072449,
            "count": 24
        },
        "Car.Policy.LearningRate.mean": {
            "value": 4.207298597600011e-06,
            "min": 4.207298597600011e-06,
            "max": 0.0002874927041691,
            "count": 24
        },
        "Car.Policy.LearningRate.sum": {
            "value": 4.207298597600011e-06,
            "min": 4.207298597600011e-06,
            "max": 0.0002874927041691,
            "count": 24
        },
        "Car.Policy.Epsilon.mean": {
            "value": 0.1014024,
            "min": 0.1014024,
            "max": 0.19583089999999995,
            "count": 24
        },
        "Car.Policy.Epsilon.sum": {
            "value": 0.1014024,
            "min": 0.1014024,
            "max": 0.19583089999999995,
            "count": 24
        },
        "Car.Policy.Beta.mean": {
            "value": 2.3883760000000038e-05,
            "min": 2.3883760000000038e-05,
            "max": 0.0009587259099999996,
            "count": 24
        },
        "Car.Policy.Beta.sum": {
            "value": 2.3883760000000038e-05,
            "min": 2.3883760000000038e-05,
            "max": 0.0009587259099999996,
            "count": 24
        }
    },
    "metadata": {
        "timer_format_version": "0.1.0",
        "start_time_seconds": "1713036258",
        "python_version": "3.9.11 (main, Mar 30 2022, 02:45:55) [MSC v.1916 64 bit (AMD64)]",
        "command_line_arguments": "C:\\Users\\User\\miniconda3\\envs\\mlagents\\Scripts\\mlagents-learn Car.yaml --run-id=CarDriving111",
        "mlagents_version": "0.30.0",
        "mlagents_envs_version": "0.30.0",
        "communication_protocol_version": "1.5.0",
        "pytorch_version": "2.2.2+cpu",
        "numpy_version": "1.21.2",
        "end_time_seconds": "1713036898"
    },
    "total": 639.9354369,
    "count": 1,
    "self": 0.007017300000029536,
    "children": {
        "run_training.setup": {
            "total": 0.06150499999999992,
            "count": 1,
            "self": 0.06150499999999992
        },
        "TrainerController.start_learning": {
            "total": 639.8669146,
            "count": 1,
            "self": 0.6865523000050189,
            "children": {
                "TrainerController._reset_env": {
                    "total": 7.1260181000000005,
                    "count": 1,
                    "self": 7.1260181000000005
                },
                "TrainerController.advance": {
                    "total": 632.016693099995,
                    "count": 34721,
                    "self": 0.6670120999962137,
                    "children": {
                        "env_step": {
                            "total": 318.2876461999937,
                            "count": 34721,
                            "self": 263.369549299995,
                            "children": {
                                "SubprocessEnvManager._take_step": {
                                    "total": 54.502144099994986,
                                    "count": 34721,
                                    "self": 2.4558942000019,
                                    "children": {
                                        "TorchPolicy.evaluate": {
                                            "total": 52.046249899993086,
                                            "count": 33365,
                                            "self": 52.046249899993086
                                        }
                                    }
                                },
                                "workers": {
                                    "total": 0.41595280000367474,
                                    "count": 34721,
                                    "self": 0.0,
                                    "children": {
                                        "worker_root": {
                                            "total": 632.414879500001,
                                            "count": 34721,
                                            "is_parallel": true,
                                            "self": 429.0294096999992,
                                            "children": {
                                                "steps_from_proto": {
                                                    "total": 0.0005284999999997098,
                                                    "count": 1,
                                                    "is_parallel": true,
                                                    "self": 0.0001622999999995045,