{
    "name": "root",
    "gauges": {
        "Car.Policy.Entropy.mean": {
            "value": 1.5092965364456177,
            "min": 1.4561668634414673,
            "max": 2.196781635284424,
            "count": 50
        },
        "Car.Policy.Entropy.sum": {
            "value": 15240.876953125,
            "min": 14382.560546875,
            "max": 22705.890625,
            "count": 50
        },
        "Car.Step.mean": {
            "value": 499995.0,
            "min": 9952.0,
            "max": 499995.0,
            "count": 50
        },
        "Car.Step.sum": {
            "value": 499995.0,
            "min": 9952.0,
            "max": 499995.0,
            "count": 50
        },
        "Car.Policy.ExtrinsicValueEstimate.mean": {
            "value": 5.3879289627075195,
            "min": -0.19958749413490295,
            "max": 5.79900598526001,
            "count": 50
        },
        "Car.Policy.ExtrinsicValueEstimate.sum": {
            "value": 985.990966796875,
            "min": -33.73028564453125,
            "max": 1090.213134765625,
            "count": 50
        },
        "Car.Environment.EpisodeLength.mean": {
            "value": 176.0,
            "min": 159.21666666666667,
            "max": 239.0,
            "count": 50
        },
        "Car.Environment.EpisodeLength.sum": {
            "value": 9680.0,
            "min": 8126.0,
            "max": 12189.0,
            "count": 50
        },
        "Car.Environment.CumulativeReward.mean": {
            "value": 14.98025577285073,
            "min": -4.194117344477597,
            "max": 16.3693346341451,
            "count": 50
        },
        "Car.Environment.CumulativeReward.sum": {
            "value": 823.9140675067902,
            "min": -168.7999915778637,
            "max": 1012.9960779547691,
            "count": 50
        },
        "Car.Policy.ExtrinsicReward.mean": {
            "value": 14.98025577285073,
            "min": -4.194117344477597,
            "max": 16.3693346341451,
            "count": 50
        },
        "Car.Policy.ExtrinsicReward.sum": {
            "value": 823.9140675067902,
            "min": -168.7999915778637,
            "max": 1012.9960779547691,
            "count": 50
        },
        "Car.IsTraining.mean": {
            "value": 1.0,
            "min": 1.0,
            "max": 1.0,
            "count": 50
        },
        "Car.IsTraining.sum": {
            "value": 1.0,
            "min": 1.0,
            "max": 1.0,
            "count": 50
        },
        "Car.Losses.PolicyLoss.mean": {
            "value": 0.039952599078727266,
            "min": 0.030842890415806325,
            "max": 0.039952599078727266,
            "count": 24
        },
        "Car.Losses.PolicyLoss.sum": {
            "value": 0.039952599078727266,
            "min": 0.030842890415806325,
            "max": 0.039952599078727266,
            "count": 24
        },
        "Car.Losses.ValueLoss.mean": {
            "value": 4.645613408088684,
            "min": 0.28206029461651316,
            "max": 4.811642279227574,
            "count": 24
        },
        "Car.Losses.ValueLoss.sum": {
            "value": 4.645613408088684,
            "min": 0.28206029461651316,
            "max": 4.811642279227574,
            "count": 24
        },
        "Car.Policy.LearningRate.mean": {
            "value": 6.234997922000074e-07,
            "min": 6.234997922000074e-07,
            "max": 0.00028710720429760004,
            "count": 24
        },
        "Car.Policy.LearningRate.sum": {
            "value": 6.234997922000074e-07,
            "min": 6.234997922000074e-07,
            "max": 0.00028710720429760004,
            "count": 24
        },
        "Car.Policy.Epsilon.mean": {
            "value": 0.10020779999999997,
            "min": 0.10020779999999997,
            "max": 0.19570239999999997,
            "count": 24
        },
        "Car.Policy.Epsilon.sum": {
            "value": 0.10020779999999997,
            "min": 0.10020779999999997,
            "max": 0.19570239999999997,
            "count": 24
        },
        "Car.Policy.Beta.mean": {
            "value": 1.2057220000000029e-05,
            "min": 1.2057220000000029e-05,
            "max": 0.0009574537600000006,
            "count": 24
        },
        "Car.Policy.Beta.sum": {
            "value": 1.2057220000000029e-05,
            "min": 1.2057220000000029e-05,
            "max": 0.0009574537600000006,
            "count": 24
        }
    },
    "metadata": {
        "timer_format_version": "0.1.0",
        "start_time_seconds": "1712917925",
        "python_version": "3.9.11 (main, Mar 30 2022, 02:45:55) [MSC v.1916 64 bit (AMD64)]",
        "command_line_arguments": "C:\\Users\\User\\miniconda3\\envs\\mlagents\\Scripts\\mlagents-learn Car.yaml --run-id=CarDrining36",
        "mlagents_version": "0.30.0",
        "mlagents_envs_version": "0.30.0",
        "communication_protocol_version": "1.5.0",
        "pytorch_version": "2.2.2+cpu",
        "numpy_version": "1.21.2",
        "end_time_seconds": "1712918342"
    },
    "total": 416.8224355,
    "count": 1,
    "self": 0.009397599999999784,
    "children": {
        "run_training.setup": {
            "total": 0.057578200000000024,
            "count": 1,
            "self": 0.057578200000000024
        },
        "TrainerController.start_learning": {
            "total": 416.75545969999996,
            "count": 1,
            "self": 0.5598561000010704,
            "children": {
                "TrainerController._reset_env": {
                    "total": 5.1005641,
                    "count": 1,
                    "self": 5.1005641
                },
                "TrainerController.advance": {
                    "total": 411.02493729999884,
                    "count": 30718,
                    "self": 0.540489199998035,
                    "children": {
                        "env_step": {
                            "total": 240.02024749999913,
                            "count": 30718,
                            "self": 190.67653900000036,
                            "children": {
                                "SubprocessEnvManager._take_step": {
                                    "total": 48.9725583999971,
                                    "count": 30718,
                                    "self": 1.9136808999977788,
                                    "children": {
                                        "TorchPolicy.evaluate": {
                                            "total": 47.05887749999932,
                                            "count": 29445,
                                            "self": 47.05887749999932
                                        }
                                    }
                                },
                                "workers": {
                                    "total": 0.37115010000166127,
                                    "count": 30718,
                                    "self": 0.0,
                                    "children": {
                                        "worker_root": {
                                            "total": 411.3095927999987,
                                            "count": 30718,
                                            "is_parallel": true,
                                            "self": 260.6942057999978,
                                            "children": {
                                                "steps_from_proto": {
                                                    "total": 0.00035990000000030165,
                                                    "count": 1,
                                                    "is_parallel": true,
                                                    "self": 0.0001217000000002244,