{
    "name": "root",
    "metadata": {
        "timer_format_version": "0.1.0",
        "start_time_seconds": "1712911763",
        "python_version": "3.9.11 (main, Mar 30 2022, 02:45:55) [MSC v.1916 64 bit (AMD64)]",
        "command_line_arguments": "C:\\Users\\User\\miniconda3\\envs\\mlagents\\Scripts\\mlagents-learn Car.yaml --run-id=CarDrining22",
        "mlagents_version": "0.30.0",
        "mlagents_envs_version": "0.30.0",
        "communication_protocol_version": "1.5.0",
        "pytorch_version": "2.2.2+cpu",
        "numpy_version": "1.21.2",
        "end_time_seconds": "1712911785"
    },
    "total": 21.2726579,
    "count": 1,
    "self": 0.0032564999999955546,
    "children": {
        "run_training.setup": {
            "total": 0.055861700000000125,
            "count": 1,
            "self": 0.055861700000000125
        },
        "TrainerController.start_learning": {
            "total": 21.213539700000002,
            "count": 1,
            "self": 0.01580209999997706,
            "children": {
                "TrainerController._reset_env": {
                    "total": 5.5595307,
                    "count": 1,
                    "self": 5.5595307
                },
                "TrainerController.advance": {
                    "total": 15.579103100000022,
                    "count": 971,
                    "self": 0.014867199999955005,
                    "children": {
                        "env_step": {
                            "total": 15.018250900000028,
                            "count": 971,
                            "self": 13.684557599999984,
                            "children": {
                                "SubprocessEnvManager._take_step": {
                                    "total": 1.3239349000000118,
                                    "count": 971,
                                    "self": 0.04692090000001503,
                                    "children": {
                                        "TorchPolicy.evaluate": {
                                            "total": 1.2770139999999968,
                                            "count": 971,
                                            "self": 1.2770139999999968
                                        }
                                    }
                                },
                                "workers": {
                                    "total": 0.00975840000003192,
                                    "count": 970,
                                    "self": 0.0,
                                    "children": {
                                        "worker_root": {
                                            "total": 6.974989299999996,
                                            "count": 970,
                                            "is_parallel": true,
                                            "self": 3.2317859999999996,
                                            "children": {
                                                "steps_from_proto": {
                                                    "total": 0.0002835000000001031,
                                                    "count": 1,
                                                    "is_parallel": true,
                                                    "self": 0.00011920000000031905,
                                                    "children": {
                                                        "_process_rank_one_or_two_observation": {
                                                            "total": 0.00016429999999978406,
                                                            "count": 4,
                                                            "is_parallel": true,
                                                            "self": 0.00016429999999978406
                                                        }
                                                    }
                                                },
                                                "UnityEnvironment.step": {
                                                    "total": 3.7429197999999966,
                                                    "count": 970,
                                                    "is_parallel": true,
                                                    "self": 0.08517000000001751,
                                                    "children": {
                                                        "UnityEnvironment._generate_step_input": {
                                                            "total": 0.12155069999998958,
                                                            "count": 970,
                                                            "is_parallel": true,
                                                            "self": 0.12155069999998958
                                                        },
                                                        "communicator.exchange": {
                                                            "total": 3.244712699999993,
                                                            "count": 970,
                                                            "is_parallel": true,
                                                            "self": 3.244712699999993
                                                        },
                                                        "steps_from_proto": {
                                                            "total": 0.2914863999999966,
                                                            "count": 970,
                                                            "is_parallel": true,
                                                            "self": 0.13370870000002277,
                                                            "children": {
                                                                "_process_rank_one_or_two_observation": {
                                                                    "total": 0.15777769999997382,
                                                                    "count": 3880,
                                                                    "is_parallel": true,
                                                                    "self": 0.15777769999997382
                                                                }
                                                            }
                                                        }
                                                    }
                                                }
                                            }
                                        }
                                    }
                                }
                            }
                        },
                        "trainer_advance": {
                            "total": 0.545985000000039,
                            "count": 970,
                            "self": 0.017005700000055413,
                            "children": {
                                "process_trajectory": {
                                    "total": 0.5289792999999836,
                                    "count": 970,
                                    "self": 0.5289792999999836
                                }
                            }
                        }
                    }
                },
                "trainer_threads": {
                    "total": 1.300000000981072e-06,
                    "count": 1,
                    "self": 1.300000000981072e-06
                },
                "TrainerController._save_models": {
                    "total": 0.05910250000000161,
                    "count": 1,
                    "self": 2.519999999961442e-05,