{
    "name": "root",
    "gauges": {
        "Car.Policy.Entropy.mean": {
            "value": 1.3397334814071655,
            "min": 1.335686206817627,
            "max": 2.1967406272888184,
            "count": 50
        },
        "Car.Policy.Entropy.sum": {
            "value": 13460.302734375,
            "min": 13328.8125,
            "max": 22704.21484375,
            "count": 50
        },
        "Car.Step.mean": {
            "value": 499999.0,
            "min": 9952.0,
            "max": 499999.0,
            "count": 50
        },
        "Car.Step.sum": {
            "value": 499999.0,
            "min": 9952.0,
            "max": 499999.0,
            "count": 50
        },
        "Car.Policy.ExtrinsicValueEstimate.mean": {
            "value": 9.626068115234375,
            "min": -0.5837274789810181,
            "max": 9.626068115234375,
            "count": 50
        },
        "Car.Policy.ExtrinsicValueEstimate.sum": {
            "value": 2146.61328125,
            "min": -95.73130798339844,
            "max": 2146.61328125,
            "count": 50
        },
        "Car.Environment.EpisodeLength.mean": {
            "value": 89.51785714285714,
            "min": 88.73214285714286,
            "max": 239.0,
            "count": 50
        },
        "Car.Environment.EpisodeLength.sum": {
            "value": 10026.0,
            "min": 7969.0,
            "max": 12189.0,
            "count": 50
        },
        "Car.Environment.CumulativeReward.mean": {
            "value": 18.919262081653148,
            "min": -5.066666368217695,
            "max": 19.074153171834492,
            "count": 50
        },
        "Car.Environment.CumulativeReward.sum": {
            "value": 2100.0380910634995,
            "min": -212.7999874651432,
            "max": 2120.00409078598,
            "count": 50
        },
        "Car.Policy.ExtrinsicReward.mean": {
            "value": 18.919262081653148,
            "min": -5.066666368217695,
            "max": 19.074153171834492,
            "count": 50
        },
        "Car.Policy.ExtrinsicReward.sum": {
            "value": 2100.0380910634995,
            "min": -212.7999874651432,
            "max": 2120.00409078598,
            "count": 50
        },
        "Car.IsTraining.mean": {
            "value": 1.0,
            "min": 1.0,
            "max": 1.0,
            "count": 50
        },
        "Car.IsTraining.sum": {
            "value": 1.0,
            "min": 1.0,
            "max": 1.0,
            "count": 50
        },
        "Car.Losses.PolicyLoss.mean": {
            "value": 0.03590534879476763,
            "min": 0.026828100582739958,
            "max": 0.03897627216453354,
            "count": 24
        },
        "Car.Losses.PolicyLoss.sum": {
            "value": 0.03590534879476763,
            "min": 0.026828100582739958,
            "max": 0.03897627216453354,
            "count": 24
        },
        "Car.Losses.ValueLoss.mean": {
            "value": 13.563967792193095,
            "min": 0.4822020697884443,
            "max": 13.563967792193095,
            "count": 24
        },
        "Car.Losses.ValueLoss.sum": {
            "value": 13.563967792193095,
            "min": 0.4822020697884443,
            "max": 13.563967792193095,
            "count": 24
        },
        "Car.Policy.LearningRate.mean": {
            "value": 2.4138991954e-06,
            "min": 2.4138991954e-06,
            "max": 0.00028710720429760004,
            "count": 24
        },
        "Car.Policy.LearningRate.sum": {
            "value": 2.4138991954e-06,
            "min": 2.4138991954e-06,
            "max": 0.00028710720429760004,
            "count": 24
        },
        "Car.Policy.Epsilon.mean": {
            "value": 0.10080460000000001,
            "min": 0.10080460000000001,
            "max": 0.19570239999999997,
            "count": 24
        },
        "Car.Policy.Epsilon.sum": {
            "value": 0.10080460000000001,
            "min": 0.10080460000000001,
            "max": 0.19570239999999997,
            "count": 24
        },
        "Car.Policy.Beta.mean": {
            "value": 1.7965540000000002e-05,
            "min": 1.7965540000000002e-05,
            "max": 0.0009574537600000006,
            "count": 24
        },
        "Car.Policy.Beta.sum": {
            "value": 1.7965540000000002e-05,
            "min": 1.7965540000000002e-05,
            "max": 0.0009574537600000006,
            "count": 24
        }
    },
    "metadata": {
        "timer_format_version": "0.1.0",
        "start_time_seconds": "1712922728",
        "python_version": "3.9.11 (main, Mar 30 2022, 02:45:55) [MSC v.1916 64 bit (AMD64)]",
        "command_line_arguments": "C:\\Users\\User\\miniconda3\\envs\\mlagents\\Scripts\\mlagents-learn Car.yaml --run-id=CarDrining43",
        "mlagents_version": "0.30.0",
        "mlagents_envs_version": "0.30.0",
        "communication_protocol_version": "1.5.0",
        "pytorch_version": "2.2.2+cpu",
        "numpy_version": "1.21.2",
        "end_time_seconds": "1712923131"
    },
    "total": 402.82553010000004,
    "count": 1,
    "self": 0.0071987000000603985,
    "children": {
        "run_training.setup": {
            "total": 0.06221739999999998,
            "count": 1,
            "self": 0.06221739999999998
        },
        "TrainerController.start_learning": {
            "total": 402.75611399999997,
            "count": 1,
            "self": 0.5623930000009523,
            "children": {
                "TrainerController._reset_env": {
                    "total": 7.422486200000001,
                    "count": 1,
                    "self": 7.422486200000001
                },
                "TrainerController.advance": {
                    "total": 394.73372659999904,
                    "count": 32096,
                    "self": 0.550335299997414,
                    "children": {
                        "env_step": {
                            "total": 226.32115819999885,
                            "count": 32096,
                            "self": 179.16674879999746,
                            "children": {
                                "SubprocessEnvManager._take_step": {
                                    "total": 46.783572000000376,
                                    "count": 32096,
                                    "self": 1.7285871999972215,
                                    "children": {
                                        "TorchPolicy.evaluate": {
                                            "total": 45.054984800003155,
                                            "count": 29441,
                                            "self": 45.054984800003155
                                        }
                                    }
                                },
                                "workers": {
                                    "total": 0.3708374000010135,
                                    "count": 32096,
                                    "self": 0.0,
                                    "children": {
                                        "worker_root": {
                                            "total": 395.0401577000049,
                                            "count": 32096,
                                            "is_parallel": true,
                                            "self": 255.9457289000055,
                                            "children": {
                                                "steps_from_proto": {
                                                    "total": 0.0003984000000007981,
                                                    "count": 1,
                                                    "is_parallel": true,
                                                    "self": 0.00014000000000091717,