{
    "name": "root",
    "gauges": {
        "Car.Policy.Entropy.mean": {
            "value": 1.3358526229858398,
            "min": 1.2417649030685425,
            "max": 2.1969692707061768,
            "count": 50
        },
        "Car.Policy.Entropy.sum": {
            "value": 14320.33984375,
            "min": 11722.2607421875,
            "max": 23551.51171875,
            "count": 50
        },
        "Car.Step.mean": {
            "value": 499936.0,
            "min": 9984.0,
            "max": 499936.0,
            "count": 50
        },
        "Car.Step.sum": {
            "value": 499936.0,
            "min": 9984.0,
            "max": 499936.0,
            "count": 50
        },
        "Car.Policy.ExtrinsicValueEstimate.mean": {
            "value": 4.692605018615723,
            "min": -0.8839247226715088,
            "max": 4.728632926940918,
            "count": 50
        },
        "Car.Policy.ExtrinsicValueEstimate.sum": {
            "value": 788.357666015625,
            "min": -142.55313110351562,
            "max": 788.357666015625,
            "count": 50
        },
        "Car.IsTraining.mean": {
            "value": 1.0,
            "min": 1.0,
            "max": 1.0,
            "count": 50
        },
        "Car.IsTraining.sum": {
            "value": 1.0,
            "min": 1.0,
            "max": 1.0,
            "count": 50
        },
        "Car.Environment.EpisodeLength.mean": {
            "value": 599.0,
            "min": 599.0,
            "max": 599.0,
            "count": 41
        },
        "Car.Environment.EpisodeLength.sum": {
            "value": 11980.0,
            "min": 11980.0,
            "max": 11980.0,
            "count": 41
        },
        "Car.Environment.CumulativeReward.mean": {
            "value": 34.35000300556421,
            "min": -16.84999882131815,
            "max": 46.05000314861536,
            "count": 49
        },
        "Car.Environment.CumulativeReward.sum": {
            "value": 687.0000601112843,
            "min": -336.999976426363,
            "max": 921.0000629723072,
            "count": 49
        },
        "Car.Policy.ExtrinsicReward.mean": {
            "value": 34.35000300556421,
            "min": -16.84999882131815,
            "max": 46.05000314861536,
            "count": 49
        },
        "Car.Policy.ExtrinsicReward.sum": {
            "value": 687.0000601112843,
            "min": -336.999976426363,
            "max": 921.0000629723072,
            "count": 49
        },
        "Car.Losses.PolicyLoss.mean": {
            "value": 0.03558278517836395,
            "min": 0.029380936453845805,
            "max": 0.03873387385326309,
            "count": 23
        },
        "Car.Losses.PolicyLoss.sum": {
            "value": 0.03558278517836395,
            "min": 0.029380936453845805,
            "max": 0.03873387385326309,
            "count": 23
        },
        "Car.Losses.ValueLoss.mean": {
            "value": 5.866795313358307,
            "min": 0.46910398254791896,
            "max": 6.183086123892932,
            "count": 23
        },
        "Car.Losses.ValueLoss.sum": {
            "value": 5.866795313358307,
            "min": 0.46910398254791896,
            "max": 6.183086123892932,
            "count": 23
        },
        "Car.Policy.LearningRate.mean": {
            "value": 5.856098047999995e-06,
            "min": 5.856098047999995e-06,
            "max": 0.000287424004192,
            "count": 23
        },
        "Car.Policy.LearningRate.sum": {
            "value": 5.856098047999995e-06,
            "min": 5.856098047999995e-06,
            "max": 0.000287424004192,
            "count": 23
        },
        "Car.Policy.Epsilon.mean": {
            "value": 0.10195200000000003,
            "min": 0.10195200000000003,
            "max": 0.195808,
            "count": 23
        },
        "Car.Policy.Epsilon.sum": {
            "value": 0.10195200000000003,
            "min": 0.10195200000000003,
            "max": 0.195808,
            "count": 23
        },
        "Car.Policy.Beta.mean": {
            "value": 2.9324799999999994e-05,
            "min": 2.9324799999999994e-05,
            "max": 0.0009584992000000003,
            "count": 23
        },
        "Car.Policy.Beta.sum": {
            "value": 2.9324799999999994e-05,
            "min": 2.9324799999999994e-05,
            "max": 0.0009584992000000003,
            "count": 23
        }
    },
    "metadata": {
        "timer_format_version": "0.1.0",
        "start_time_seconds": "1713004665",
        "python_version": "3.9.11 (main, Mar 30 2022, 02:45:55) [MSC v.1916 64 bit (AMD64)]",
        "command_line_arguments": "C:\\Users\\User\\miniconda3\\envs\\mlagents\\Scripts\\mlagents-learn Car.yaml --run-id=CarDrining59",
        "mlagents_version": "0.30.0",
        "mlagents_envs_version": "0.30.0",
        "communication_protocol_version": "1.5.0",
        "pytorch_version": "2.2.2+cpu",
        "numpy_version": "1.21.2",
        "end_time_seconds": "1713005044"
    },
    "total": 379.4176056,
    "count": 1,
    "self": 0.008306299999958355,
    "children": {
        "run_training.setup": {
            "total": 0.06417159999999988,
            "count": 1,
            "self": 0.06417159999999988
        },
        "TrainerController.start_learning": {
            "total": 379.34512770000003,
            "count": 1,
            "self": 0.4556806999994478,
            "children": {
                "TrainerController._reset_env": {
                    "total": 5.484080700000001,
                    "count": 1,
                    "self": 5.484080700000001
                },
                "TrainerController.advance": {
                    "total": 373.3318162000006,
                    "count": 25048,
                    "self": 0.4587202999971396,
                    "children": {
                        "env_step": {
                            "total": 210.2715662000032,
                            "count": 25048,
                            "self": 165.93857280000856,
                            "children": {
                                "SubprocessEnvManager._take_step": {
                                    "total": 44.0353434999975,
                                    "count": 25048,
                                    "self": 1.5022930000033696,
                                    "children": {
                                        "TorchPolicy.evaluate": {
                                            "total": 42.53305049999413,
                                            "count": 25048,
                                            "self": 42.53305049999413
                                        }
                                    }
                                },
                                "workers": {
                                    "total": 0.29764989999714153,
                                    "count": 25048,
                                    "self": 0.0,
                                    "children": {
                                        "worker_root": {
                                            "total": 373.5752681000032,
                                            "count": 25048,
                                            "is_parallel": true,
                                            "self": 242.9502236000022,
                                            "children": {
                                                "steps_from_proto": {
                                                    "total": 0.0003816000000007591,
                                                    "count": 1,
                                                    "is_parallel": true,
                                                    "self": 0.00012850000000153017,