{
    "name": "root",
    "gauges": {
        "Car.Policy.Entropy.mean": {
            "value": 2.196873664855957,
            "min": 2.196873664855957,
            "max": 2.196873664855957,
            "count": 1
        },
        "Car.Policy.Entropy.sum": {
            "value": 22495.986328125,
            "min": 22495.986328125,
            "max": 22495.986328125,
            "count": 1
        },
        "Car.Step.mean": {
            "value": 9984.0,
            "min": 9984.0,
            "max": 9984.0,
            "count": 1
        },
        "Car.Step.sum": {
            "value": 9984.0,
            "min": 9984.0,
            "max": 9984.0,
            "count": 1
        },
        "Car.Policy.ExtrinsicValueEstimate.mean": {
            "value": 0.056535303592681885,
            "min": 0.056535303592681885,
            "max": 0.056535303592681885,
            "count": 1
        },
        "Car.Policy.ExtrinsicValueEstimate.sum": {
            "value": 8.932578086853027,
            "min": 8.932578086853027,
            "max": 8.932578086853027,
            "count": 1
        },
        "Car.Environment.EpisodeLength.mean": {
            "value": 175.0,
            "min": 175.0,
            "max": 175.0,
            "count": 1
        },
        "Car.Environment.EpisodeLength.sum": {
            "value": 700.0,
            "min": 700.0,
            "max": 700.0,
            "count": 1
        },
        "Car.Environment.CumulativeReward.mean": {
            "value": -41.99373611807823,
            "min": -41.99373611807823,
            "max": -41.99373611807823,
            "count": 1
        },
        "Car.Environment.CumulativeReward.sum": {
            "value": -167.97494447231293,
            "min": -167.97494447231293,
            "max": -167.97494447231293,
            "count": 1
        },
        "Car.Policy.ExtrinsicReward.mean": {
            "value": -41.99373611807823,
            "min": -41.99373611807823,
            "max": -41.99373611807823,
            "count": 1
        },
        "Car.Policy.ExtrinsicReward.sum": {
            "value": -167.97494447231293,
            "min": -167.97494447231293,
            "max": -167.97494447231293,
            "count": 1
        },
        "Car.IsTraining.mean": {
            "value": 1.0,
            "min": 1.0,
            "max": 1.0,
            "count": 1
        },
        "Car.IsTraining.sum": {
            "value": 1.0,
            "min": 1.0,
            "max": 1.0,
            "count": 1
        }
    },
    "metadata": {
        "timer_format_version": "0.1.0",
        "start_time_seconds": "1713171264",
        "python_version": "3.9.11 (main, Mar 30 2022, 02:45:55) [MSC v.1916 64 bit (AMD64)]",
        "command_line_arguments": "C:\\Users\\User\\miniconda3\\envs\\mlagents\\Scripts\\mlagents-learn Car.yaml --run-id=CarDriving157",
        "mlagents_version": "0.30.0",
        "mlagents_envs_version": "0.30.0",
        "communication_protocol_version": "1.5.0",
        "pytorch_version": "2.2.2+cpu",
        "numpy_version": "1.21.2",
        "end_time_seconds": "1713171289"
    },
    "total": 24.9317484,
    "count": 1,
    "self": 0.00592330000000274,
    "children": {
        "run_training.setup": {
            "total": 0.0629067000000001,
            "count": 1,
            "self": 0.0629067000000001
        },
        "TrainerController.start_learning": {
            "total": 24.862918399999998,
            "count": 1,
            "self": 0.008156900000006573,
            "children": {
                "TrainerController._reset_env": {
                    "total": 5.707493400000001,
                    "count": 1,
                    "self": 5.707493400000001
                },
                "TrainerController.advance": {
                    "total": 19.011842599999994,
                    "count": 392,
                    "self": 0.007287599999958871,
                    "children": {
                        "env_step": {
                            "total": 17.78290540000001,
                            "count": 392,
                            "self": 16.90317890000002,
                            "children": {
                                "SubprocessEnvManager._take_step": {
                                    "total": 0.8748741000000004,
                                    "count": 392,
                                    "self": 0.027775200000016653,
                                    "children": {
                                        "TorchPolicy.evaluate": {
                                            "total": 0.8470988999999838,
                                            "count": 387,
                                            "self": 0.8470988999999838
                                        }
                                    }
                                },
                                "workers": {
                                    "total": 0.004852399999990986,
                                    "count": 391,
                                    "self": 0.0,
                                    "children": {
                                        "worker_root": {
                                            "total": 6.699981199999995,
                                            "count": 391,
                                            "is_parallel": true,
                                            "self": 3.51782780000001,
                                            "children": {
                                                "steps_from_proto": {
                                                    "total": 0.0006291999999996634,
                                                    "count": 1,
                                                    "is_parallel": true,
                                                    "self": 0.00017439999999968592,
                                                    "children": {
                                                        "_process_rank_one_or_two_observation": {
                                                            "total": 0.00045479999999997744,
                                                            "count": 4,
                                                            "is_parallel": true,
                                                            "self": 0.00045479999999997744
                                                        }
                                                    }
                                                },
                                                "UnityEnvironment.step": {
                                                    "total": 3.181524199999986,
                                                    "count": 391,
                                                    "is_parallel": true,
                                                    "self": 0.09454150000002493,
                                                    "children": {
                                                        "UnityEnvironment._generate_step_input": {
                                                            "total": 0.18869569999999491,
                                                            "count": 391,
                                                            "is_parallel": true,
                                                            "self": 0.18869569999999491
                                                        },
                                                        "communicator.exchange": {
                                                            "total": 2.6514503999999803,
                                                            "count": 391,
                                                            "is_parallel": true,
                                                            "self": 2.6514503999999803
                                                        },