{
    "name": "root",
    "gauges": {
        "Car.Policy.Entropy.mean": {
            "value": 2.196944236755371,
            "min": 2.196944236755371,
            "max": 2.196944236755371,
            "count": 1
        },
        "Car.Policy.Entropy.sum": {
            "value": 25308.798828125,
            "min": 25308.798828125,
            "max": 25308.798828125,
            "count": 1
        },
        "Car.Step.mean": {
            "value": 9969.0,
            "min": 9969.0,
            "max": 9969.0,
            "count": 1
        },
        "Car.Step.sum": {
            "value": 9969.0,
            "min": 9969.0,
            "max": 9969.0,
            "count": 1
        },
        "Car.Policy.ExtrinsicValueEstimate.mean": {
            "value": 0.16560247540473938,
            "min": 0.16560247540473938,
            "max": 0.16560247540473938,
            "count": 1
        },
        "Car.Policy.ExtrinsicValueEstimate.sum": {
            "value": 25.833986282348633,
            "min": 25.833986282348633,
            "max": 25.833986282348633,
            "count": 1
        },
        "Car.Environment.EpisodeLength.mean": {
            "value": 176.0,
            "min": 176.0,
            "max": 176.0,
            "count": 1
        },
        "Car.Environment.EpisodeLength.sum": {
            "value": 176.0,
            "min": 176.0,
            "max": 176.0,
            "count": 1
        },
        "Car.Environment.CumulativeReward.mean": {
            "value": -8.763999164104462,
            "min": -8.763999164104462,
            "max": -8.763999164104462,
            "count": 1
        },
        "Car.Environment.CumulativeReward.sum": {
            "value": -8.763999164104462,
            "min": -8.763999164104462,
            "max": -8.763999164104462,
            "count": 1
        },
        "Car.Policy.ExtrinsicReward.mean": {
            "value": -8.763999164104462,
            "min": -8.763999164104462,
            "max": -8.763999164104462,
            "count": 1
        },
        "Car.Policy.ExtrinsicReward.sum": {
            "value": -8.763999164104462,
            "min": -8.763999164104462,
            "max": -8.763999164104462,
            "count": 1
        },
        "Car.IsTraining.mean": {
            "value": 1.0,
            "min": 1.0,
            "max": 1.0,
            "count": 1
        },
        "Car.IsTraining.sum": {
            "value": 1.0,
            "min": 1.0,
            "max": 1.0,
            "count": 1
        }
    },
    "metadata": {
        "timer_format_version": "0.1.0",
        "start_time_seconds": "1713070894",
        "python_version": "3.9.11 (main, Mar 30 2022, 02:45:55) [MSC v.1916 64 bit (AMD64)]",
        "command_line_arguments": "C:\\Users\\User\\miniconda3\\envs\\mlagents\\Scripts\\mlagents-learn Car.yaml --run-id=CarDriving114",
        "mlagents_version": "0.30.0",
        "mlagents_envs_version": "0.30.0",
        "communication_protocol_version": "1.5.0",
        "pytorch_version": "2.2.2+cpu",
        "numpy_version": "1.21.2",
        "end_time_seconds": "1713070913"
    },
    "total": 18.5689729,
    "count": 1,
    "self": 0.003238400000000752,
    "children": {
        "run_training.setup": {
            "total": 0.06496880000000016,
            "count": 1,
            "self": 0.06496880000000016
        },
        "TrainerController.start_learning": {
            "total": 18.5007657,
            "count": 1,
            "self": 0.011347500000017163,
            "children": {
                "TrainerController._reset_env": {
                    "total": 6.763104800000001,
                    "count": 1,
                    "self": 6.763104800000001
                },
                "TrainerController.advance": {
                    "total": 11.65362369999998,
                    "count": 569,
                    "self": 0.012077299999951663,
                    "children": {
                        "env_step": {
                            "total": 10.430653400000018,
                            "count": 569,
                            "self": 9.302004400000012,
                            "children": {
                                "SubprocessEnvManager._take_step": {
                                    "total": 1.121491299999997,
                                    "count": 569,
                                    "self": 0.10366670000000688,
                                    "children": {
                                        "TorchPolicy.evaluate": {
                                            "total": 1.0178245999999902,
                                            "count": 567,
                                            "self": 1.0178245999999902
                                        }
                                    }
                                },
                                "workers": {
                                    "total": 0.0071577000000093705,
                                    "count": 568,
                                    "self": 0.0,
                                    "children": {
                                        "worker_root": {
                                            "total": 7.9929912999999875,
                                            "count": 568,
                                            "is_parallel": true,
                                            "self": 4.010269399999996,
                                            "children": {
                                                "steps_from_proto": {
                                                    "total": 0.00047320000000006246,
                                                    "count": 1,
                                                    "is_parallel": true,
                                                    "self": 0.00014880000000072613,
                                                    "children": {
                                                        "_process_rank_one_or_two_observation": {
                                                            "total": 0.00032439999999933633,
                                                            "count": 4,
                                                            "is_parallel": true,
                                                            "self": 0.00032439999999933633
                                                        }
                                                    }
                                                },
                                                "UnityEnvironment.step": {
                                                    "total": 3.9822486999999915,
                                                    "count": 568,
                                                    "is_parallel": true,
                                                    "self": 0.1428648999999682,
                                                    "children": {
                                                        "UnityEnvironment._generate_step_input": {
                                                            "total": 0.2609704000000086,
                                                            "count": 568,
                                                            "is_parallel": true,
                                                            "self": 0.2609704000000086
                                                        },
                                                        "communicator.exchange": {
                                                            "total": 3.1905817000000134,
                                                            "count": 568,
                                                            "is_parallel": true,
                                                            "self": 3.1905817000000134
                                                        },