{
    "name": "root",
    "gauges": {
        "Car.Policy.Entropy.mean": {
            "value": 2.1298792362213135,
            "min": 2.1298792362213135,
            "max": 2.196927070617676,
            "count": 8
        },
        "Car.Policy.Entropy.sum": {
            "value": 22832.3046875,
            "min": 20447.3828125,
            "max": 23550.876953125,
            "count": 8
        },
        "Car.Step.mean": {
            "value": 79936.0,
            "min": 9984.0,
            "max": 79936.0,
            "count": 8
        },
        "Car.Step.sum": {
            "value": 79936.0,
            "min": 9984.0,
            "max": 79936.0,
            "count": 8
        },
        "Car.Policy.ExtrinsicValueEstimate.mean": {
            "value": -0.3800002932548523,
            "min": -0.6312287449836731,
            "max": -0.03686974570155144,
            "count": 8
        },
        "Car.Policy.ExtrinsicValueEstimate.sum": {
            "value": -63.840049743652344,
            "min": -106.04643249511719,
            "max": -6.194117069244385,
            "count": 8
        },
        "Car.IsTraining.mean": {
            "value": 1.0,
            "min": 1.0,
            "max": 1.0,
            "count": 8
        },
        "Car.IsTraining.sum": {
            "value": 1.0,
            "min": 1.0,
            "max": 1.0,
            "count": 8
        },
        "Car.Environment.EpisodeLength.mean": {
            "value": 599.0,
            "min": 599.0,
            "max": 599.0,
            "count": 6
        },
        "Car.Environment.EpisodeLength.sum": {
            "value": 11980.0,
            "min": 11980.0,
            "max": 11980.0,
            "count": 6
        },
        "Car.Environment.CumulativeReward.mean": {
            "value": 4.675001376122236,
            "min": -9.399998810142279,
            "max": 4.675001376122236,
            "count": 7
        },
        "Car.Environment.CumulativeReward.sum": {
            "value": 93.50002752244473,
            "min": -187.99997620284557,
            "max": 93.50002752244473,
            "count": 7
        },
        "Car.Policy.ExtrinsicReward.mean": {
            "value": 4.675001376122236,
            "min": -9.399998810142279,
            "max": 4.675001376122236,
            "count": 7
        },
        "Car.Policy.ExtrinsicReward.sum": {
            "value": 93.50002752244473,
            "min": -187.99997620284557,
            "max": 93.50002752244473,
            "count": 7
        },
        "Car.Losses.PolicyLoss.mean": {
            "value": 0.03914394686982884,
            "min": 0.03658602586795947,
            "max": 0.03914394686982884,
            "count": 3
        },
        "Car.Losses.PolicyLoss.sum": {
            "value": 0.03914394686982884,
            "min": 0.03658602586795947,
            "max": 0.03914394686982884,
            "count": 3
        },
        "Car.Losses.ValueLoss.mean": {
            "value": 0.42177566425587104,
            "min": 0.3062103883764608,
            "max": 0.42177566425587104,
            "count": 3
        },
        "Car.Losses.ValueLoss.sum": {
            "value": 0.42177566425587104,
            "min": 0.3062103883764608,
            "max": 0.42177566425587104,
            "count": 3
        },
        "Car.Policy.LearningRate.mean": {
            "value": 0.00026169601276799994,
            "min": 0.00026169601276799994,
            "max": 0.000287424004192,
            "count": 3
        },
        "Car.Policy.LearningRate.sum": {
            "value": 0.00026169601276799994,
            "min": 0.00026169601276799994,
            "max": 0.000287424004192,
            "count": 3
        },
        "Car.Policy.Epsilon.mean": {
            "value": 0.18723200000000004,
            "min": 0.18723200000000004,
            "max": 0.195808,
            "count": 3
        },
        "Car.Policy.Epsilon.sum": {
            "value": 0.18723200000000004,
            "min": 0.18723200000000004,
            "max": 0.195808,
            "count": 3
        },
        "Car.Policy.Beta.mean": {
            "value": 0.0008735967999999999,
            "min": 0.0008735967999999999,
            "max": 0.0009584992000000003,
            "count": 3
        },
        "Car.Policy.Beta.sum": {
            "value": 0.0008735967999999999,
            "min": 0.0008735967999999999,
            "max": 0.0009584992000000003,
            "count": 3
        }
    },
    "metadata": {
        "timer_format_version": "0.1.0",
        "start_time_seconds": "1713015844",
        "python_version": "3.9.11 (main, Mar 30 2022, 02:45:55) [MSC v.1916 64 bit (AMD64)]",
        "command_line_arguments": "C:\\Users\\User\\miniconda3\\envs\\mlagents\\Scripts\\mlagents-learn Car.yaml --run-id=CarDriving69",
        "mlagents_version": "0.30.0",
        "mlagents_envs_version": "0.30.0",
        "communication_protocol_version": "1.5.0",
        "pytorch_version": "2.2.2+cpu",
        "numpy_version": "1.21.2",
        "end_time_seconds": "1713016019"
    },
    "total": 174.68220019999998,
    "count": 1,
    "self": 0.002990600000003951,
    "children": {
        "run_training.setup": {
            "total": 0.06345810000000007,
            "count": 1,
            "self": 0.06345810000000007
        },
        "TrainerController.start_learning": {
            "total": 174.6157515,
            "count": 1,
            "self": 0.07564489999944612,
            "children": {
                "TrainerController._reset_env": {
                    "total": 9.087053300000001,
                    "count": 1,
                    "self": 9.087053300000001
                },
                "TrainerController.advance": {
                    "total": 165.38810160000054,
                    "count": 4271,
                    "self": 0.07331620000078942,
                    "children": {
                        "env_step": {
                            "total": 136.5412310999996,
                            "count": 4271,
                            "self": 129.02882239999983,
                            "children": {
                                "SubprocessEnvManager._take_step": {
                                    "total": 7.461833299999839,
                                    "count": 4271,
                                    "self": 0.25426499999989005,
                                    "children": {
                                        "TorchPolicy.evaluate": {
                                            "total": 7.207568299999949,
                                            "count": 4271,
                                            "self": 7.207568299999949
                                        }
                                    }
                                },
                                "workers": {
                                    "total": 0.05057539999994276,
                                    "count": 4270,
                                    "self": 0.0,
                                    "children": {
                                        "worker_root": {
                                            "total": 63.44514719999997,
                                            "count": 4270,
                                            "is_parallel": true,
                                            "self": 42.98184059999999,
                                            "children": {
                                                "steps_from_proto": {
                                                    "total": 0.0004089999999994376,
                                                    "count": 1,
                                                    "is_parallel": true,
                                                    "self": 0.00013669999999876836,