{
    "name": "root",
    "gauges": {
        "Car.Policy.Entropy.mean": {
            "value": 1.4647873640060425,
            "min": 1.463578462600708,
            "max": 2.1970930099487305,
            "count": 50
        },
        "Car.Policy.Entropy.sum": {
            "value": 15702.5205078125,
            "min": 13816.1806640625,
            "max": 23552.837890625,
            "count": 50
        },
        "Car.Step.mean": {
            "value": 499936.0,
            "min": 9984.0,
            "max": 499936.0,
            "count": 50
        },
        "Car.Step.sum": {
            "value": 499936.0,
            "min": 9984.0,
            "max": 499936.0,
            "count": 50
        },
        "Car.Policy.ExtrinsicValueEstimate.mean": {
            "value": 3.5861198902130127,
            "min": -0.6957820653915405,
            "max": 3.921574831008911,
            "count": 50
        },
        "Car.Policy.ExtrinsicValueEstimate.sum": {
            "value": 602.4681396484375,
            "min": -116.89138793945312,
            "max": 662.7461547851562,
            "count": 50
        },
        "Car.IsTraining.mean": {
            "value": 1.0,
            "min": 1.0,
            "max": 1.0,
            "count": 50
        },
        "Car.IsTraining.sum": {
            "value": 1.0,
            "min": 1.0,
            "max": 1.0,
            "count": 50
        },
        "Car.Environment.EpisodeLength.mean": {
            "value": 599.0,
            "min": 599.0,
            "max": 599.0,
            "count": 41
        },
        "Car.Environment.EpisodeLength.sum": {
            "value": 11980.0,
            "min": 11980.0,
            "max": 11980.0,
            "count": 41
        },
        "Car.Environment.CumulativeReward.mean": {
            "value": 29.350002193450926,
            "min": -14.299999275803566,
            "max": 51.00000360608101,
            "count": 49
        },
        "Car.Environment.CumulativeReward.sum": {
            "value": 587.0000438690186,
            "min": -285.9999855160713,
            "max": 648.000047326088,
            "count": 49
        },
        "Car.Policy.ExtrinsicReward.mean": {
            "value": 29.350002193450926,
            "min": -14.299999275803566,
            "max": 51.00000360608101,
            "count": 49
        },
        "Car.Policy.ExtrinsicReward.sum": {
            "value": 587.0000438690186,
            "min": -285.9999855160713,
            "max": 648.000047326088,
            "count": 49
        },
        "Car.Losses.PolicyLoss.mean": {
            "value": 0.03978777632097869,
            "min": 0.031101868855123355,
            "max": 0.03978777632097869,
            "count": 23
        },
        "Car.Losses.PolicyLoss.sum": {
            "value": 0.03978777632097869,
            "min": 0.031101868855123355,
            "max": 0.03978777632097869,
            "count": 23
        },
        "Car.Losses.ValueLoss.mean": {
            "value": 4.361211625734965,
            "min": 0.5461548358201981,
            "max": 5.077926356617997,
            "count": 23
        },
        "Car.Losses.ValueLoss.sum": {
            "value": 4.361211625734965,
            "min": 0.5461548358201981,
            "max": 5.077926356617997,
            "count": 23
        },
        "Car.Policy.LearningRate.mean": {
            "value": 5.856098047999995e-06,
            "min": 5.856098047999995e-06,
            "max": 0.000287424004192,
            "count": 23
        },
        "Car.Policy.LearningRate.sum": {
            "value": 5.856098047999995e-06,
            "min": 5.856098047999995e-06,
            "max": 0.000287424004192,
            "count": 23
        },
        "Car.Policy.Epsilon.mean": {
            "value": 0.10195200000000003,
            "min": 0.10195200000000003,
            "max": 0.195808,
            "count": 23
        },
        "Car.Policy.Epsilon.sum": {
            "value": 0.10195200000000003,
            "min": 0.10195200000000003,
            "max": 0.195808,
            "count": 23
        },
        "Car.Policy.Beta.mean": {
            "value": 2.9324799999999994e-05,
            "min": 2.9324799999999994e-05,
            "max": 0.0009584992000000003,
            "count": 23
        },
        "Car.Policy.Beta.sum": {
            "value": 2.9324799999999994e-05,
            "min": 2.9324799999999994e-05,
            "max": 0.0009584992000000003,
            "count": 23
        }
    },
    "metadata": {
        "timer_format_version": "0.1.0",
        "start_time_seconds": "1712988349",
        "python_version": "3.9.11 (main, Mar 30 2022, 02:45:55) [MSC v.1916 64 bit (AMD64)]",
        "command_line_arguments": "C:\\Users\\User\\miniconda3\\envs\\mlagents\\Scripts\\mlagents-learn Car.yaml --run-id=CarDrining54",
        "mlagents_version": "0.30.0",
        "mlagents_envs_version": "0.30.0",
        "communication_protocol_version": "1.5.0",
        "pytorch_version": "2.2.2+cpu",
        "numpy_version": "1.21.2",
        "end_time_seconds": "1712988741"
    },
    "total": 391.77322019999997,
    "count": 1,
    "self": 0.007780799999920873,
    "children": {
        "run_training.setup": {
            "total": 0.05734019999999984,
            "count": 1,
            "self": 0.05734019999999984
        },
        "TrainerController.start_learning": {
            "total": 391.70809920000005,
            "count": 1,
            "self": 0.46229020000424725,
            "children": {
                "TrainerController._reset_env": {
                    "total": 6.4432671,
                    "count": 1,
                    "self": 6.4432671
                },
                "TrainerController.advance": {
                    "total": 384.7267521999958,
                    "count": 25048,
                    "self": 0.4561211999999273,
                    "children": {
                        "env_step": {
                            "total": 218.42296899999906,
                            "count": 25048,
                            "self": 173.969283199997,
                            "children": {
                                "SubprocessEnvManager._take_step": {
                                    "total": 44.1543598,
                                    "count": 25048,
                                    "self": 1.511894800004299,
                                    "children": {
                                        "TorchPolicy.evaluate": {
                                            "total": 42.6424649999957,
                                            "count": 25048,
                                            "self": 42.6424649999957
                                        }
                                    }
                                },
                                "workers": {
                                    "total": 0.2993260000020648,
                                    "count": 25048,
                                    "self": 0.0,
                                    "children": {
                                        "worker_root": {
                                            "total": 384.96711449999935,
                                            "count": 25048,
                                            "is_parallel": true,
                                            "self": 246.8434216999999,
                                            "children": {
                                                "steps_from_proto": {
                                                    "total": 0.0004049000000003744,
                                                    "count": 1,
                                                    "is_parallel": true,
                                                    "self": 0.00013989999999886038,