{
    "name": "root",
    "gauges": {
        "Car.Policy.Entropy.mean": {
            "value": 1.3447519540786743,
            "min": 1.3427501916885376,
            "max": 2.1967484951019287,
            "count": 50
        },
        "Car.Policy.Entropy.sum": {
            "value": 13275.3916015625,
            "min": 13275.3916015625,
            "max": 22213.521484375,
            "count": 50
        },
        "Car.Step.mean": {
            "value": 499978.0,
            "min": 9984.0,
            "max": 499978.0,
            "count": 50
        },
        "Car.Step.sum": {
            "value": 499978.0,
            "min": 9984.0,
            "max": 499978.0,
            "count": 50
        },
        "Car.Policy.ExtrinsicValueEstimate.mean": {
            "value": 6.642266750335693,
            "min": -0.37355467677116394,
            "max": 6.896261692047119,
            "count": 50
        },
        "Car.Policy.ExtrinsicValueEstimate.sum": {
            "value": 1301.88427734375,
            "min": -62.383628845214844,
            "max": 1358.5635986328125,
            "count": 50
        },
        "Car.Environment.EpisodeLength.mean": {
            "value": 156.078125,
            "min": 151.55384615384617,
            "max": 239.0,
            "count": 50
        },
        "Car.Environment.EpisodeLength.sum": {
            "value": 9989.0,
            "min": 9301.0,
            "max": 11472.0,
            "count": 50
        },
        "Car.Environment.CumulativeReward.mean": {
            "value": 16.798794979613923,
            "min": -4.92499979287386,
            "max": 17.50960131929471,
            "count": 50
        },
        "Car.Environment.CumulativeReward.sum": {
            "value": 1058.3240837156773,
            "min": -196.99999171495438,
            "max": 1138.124085754156,
            "count": 50
        },
        "Car.Policy.ExtrinsicReward.mean": {
            "value": 16.798794979613923,
            "min": -4.92499979287386,
            "max": 17.50960131929471,
            "count": 50
        },
        "Car.Policy.ExtrinsicReward.sum": {
            "value": 1058.3240837156773,
            "min": -196.99999171495438,
            "max": 1138.124085754156,
            "count": 50
        },
        "Car.IsTraining.mean": {
            "value": 1.0,
            "min": 1.0,
            "max": 1.0,
            "count": 50
        },
        "Car.IsTraining.sum": {
            "value": 1.0,
            "min": 1.0,
            "max": 1.0,
            "count": 50
        },
        "Car.Losses.PolicyLoss.mean": {
            "value": 0.03259324085665867,
            "min": 0.030103361496003345,
            "max": 0.04011745186483798,
            "count": 24
        },
        "Car.Losses.PolicyLoss.sum": {
            "value": 0.03259324085665867,
            "min": 0.030103361496003345,
            "max": 0.04011745186483798,
            "count": 24
        },
        "Car.Losses.ValueLoss.mean": {
            "value": 5.286096847057342,
            "min": 0.2282951212177674,
            "max": 5.286096847057342,
            "count": 24
        },
        "Car.Losses.ValueLoss.sum": {
            "value": 5.286096847057342,
            "min": 0.2282951212177674,
            "max": 5.286096847057342,
            "count": 24
        },
        "Car.Policy.LearningRate.mean": {
            "value": 4.149098617000002e-06,
            "min": 4.149098617000002e-06,
            "max": 0.0002875584041472,
            "count": 24
        },
        "Car.Policy.LearningRate.sum": {
            "value": 4.149098617000002e-06,
            "min": 4.149098617000002e-06,
            "max": 0.0002875584041472,
            "count": 24
        },
        "Car.Policy.Epsilon.mean": {
            "value": 0.101383,
            "min": 0.101383,
            "max": 0.19585279999999997,
            "count": 24
        },
        "Car.Policy.Epsilon.sum": {
            "value": 0.101383,
            "min": 0.101383,
            "max": 0.19585279999999997,
            "count": 24
        },
        "Car.Policy.Beta.mean": {
            "value": 2.3691700000000016e-05,
            "min": 2.3691700000000016e-05,
            "max": 0.0009589427199999998,
            "count": 24
        },
        "Car.Policy.Beta.sum": {
            "value": 2.3691700000000016e-05,
            "min": 2.3691700000000016e-05,
            "max": 0.0009589427199999998,
            "count": 24
        }
    },
    "metadata": {
        "timer_format_version": "0.1.0",
        "start_time_seconds": "1712913956",
        "python_version": "3.9.11 (main, Mar 30 2022, 02:45:55) [MSC v.1916 64 bit (AMD64)]",
        "command_line_arguments": "C:\\Users\\User\\miniconda3\\envs\\mlagents\\Scripts\\mlagents-learn Car.yaml --run-id=CarDrining30",
        "mlagents_version": "0.30.0",
        "mlagents_envs_version": "0.30.0",
        "communication_protocol_version": "1.5.0",
        "pytorch_version": "2.2.2+cpu",
        "numpy_version": "1.21.2",
        "end_time_seconds": "1712914531"
    },
    "total": 574.6269018,
    "count": 1,
    "self": 0.008696500000041851,
    "children": {
        "run_training.setup": {
            "total": 0.06410939999999998,
            "count": 1,
            "self": 0.06410939999999998
        },
        "TrainerController.start_learning": {
            "total": 574.5540959,
            "count": 1,
            "self": 1.0944428999915772,
            "children": {
                "TrainerController._reset_env": {
                    "total": 6.6023166,
                    "count": 1,
                    "self": 6.6023166
                },
                "TrainerController.advance": {
                    "total": 566.8187053000083,
                    "count": 64006,
                    "self": 1.004238200003897,
                    "children": {
                        "env_step": {
                            "total": 411.35898220000473,
                            "count": 64006,
                            "self": 324.71137170001634,
                            "children": {
                                "SubprocessEnvManager._take_step": {
                                    "total": 85.97452439999134,
                                    "count": 64006,
                                    "self": 3.061569699996312,
                                    "children": {
                                        "TorchPolicy.evaluate": {
                                            "total": 82.91295469999503,
                                            "count": 62518,
                                            "self": 82.91295469999503
                                        }
                                    }
                                },
                                "workers": {
                                    "total": 0.6730860999970609,
                                    "count": 64006,
                                    "self": 0.0,
                                    "children": {
                                        "worker_root": {
                                            "total": 567.0515902000027,
                                            "count": 64006,
                                            "is_parallel": true,
                                            "self": 300.5882891000004,
                                            "children": {
                                                "steps_from_proto": {
                                                    "total": 0.00029979999999962814,
                                                    "count": 1,
                                                    "is_parallel": true,
                                                    "self": 0.0001261000000001289,