{
    "name": "root",
    "gauges": {
        "Car.Policy.Entropy.mean": {
            "value": 1.8926643133163452,
            "min": 1.880676031112671,
            "max": 2.1969985961914062,
            "count": 50
        },
        "Car.Policy.Entropy.sum": {
            "value": 18623.81640625,
            "min": 18623.81640625,
            "max": 24320.546875,
            "count": 50
        },
        "Car.Step.mean": {
            "value": 499977.0,
            "min": 9995.0,
            "max": 499977.0,
            "count": 50
        },
        "Car.Step.sum": {
            "value": 499977.0,
            "min": 9995.0,
            "max": 499977.0,
            "count": 50
        },
        "Car.Policy.ExtrinsicValueEstimate.mean": {
            "value": 1.8824880123138428,
            "min": -2.988593339920044,
            "max": 1.9885493516921997,
            "count": 50
        },
        "Car.Policy.ExtrinsicValueEstimate.sum": {
            "value": 316.25799560546875,
            "min": -505.072265625,
            "max": 334.0762939453125,
            "count": 50
        },
        "Car.Environment.EpisodeLength.mean": {
            "value": 579.1052631578947,
            "min": 207.95238095238096,
            "max": 591.8823529411765,
            "count": 50
        },
        "Car.Environment.EpisodeLength.sum": {
            "value": 11003.0,
            "min": 4367.0,
            "max": 12111.0,
            "count": 50
        },
        "Car.Environment.CumulativeReward.mean": {
            "value": 36.47022666202651,
            "min": -23.09530295431614,
            "max": 36.47022666202651,
            "count": 50
        },
        "Car.Environment.CumulativeReward.sum": {
            "value": 656.4640799164772,
            "min": -641.7059769332409,
            "max": 656.4640799164772,
            "count": 50
        },
        "Car.Policy.ExtrinsicReward.mean": {
            "value": 36.47022666202651,
            "min": -23.09530295431614,
            "max": 36.47022666202651,
            "count": 50
        },
        "Car.Policy.ExtrinsicReward.sum": {
            "value": 656.4640799164772,
            "min": -641.7059769332409,
            "max": 656.4640799164772,
            "count": 50
        },
        "Car.IsTraining.mean": {
            "value": 1.0,
            "min": 1.0,
            "max": 1.0,
            "count": 50
        },
        "Car.IsTraining.sum": {
            "value": 1.0,
            "min": 1.0,
            "max": 1.0,
            "count": 50
        },
        "Car.Losses.PolicyLoss.mean": {
            "value": 0.02342127611336764,
            "min": 0.022830122243613006,
            "max": 0.027029648786992766,
            "count": 12
        },
        "Car.Losses.PolicyLoss.sum": {
            "value": 0.02342127611336764,
            "min": 0.022830122243613006,
            "max": 0.027029648786992766,
            "count": 12
        },
        "Car.Losses.ValueLoss.mean": {
            "value": 7.135030690828959,
            "min": 1.465184399485588,
            "max": 7.135030690828959,
            "count": 12
        },
        "Car.Losses.ValueLoss.sum": {
            "value": 7.135030690828959,
            "min": 1.465184399485588,
            "max": 7.135030690828959,
            "count": 12
        },
        "Car.Policy.LearningRate.mean": {
            "value": 4.716698427800005e-06,
            "min": 4.716698427800005e-06,
            "max": 0.00027539940820020005,
            "count": 12
        },
        "Car.Policy.LearningRate.sum": {
            "value": 4.716698427800005e-06,
            "min": 4.716698427800005e-06,
            "max": 0.00027539940820020005,
            "count": 12
        },
        "Car.Policy.Epsilon.mean": {
            "value": 0.10157220000000003,
            "min": 0.10157220000000003,
            "max": 0.19179980000000005,
            "count": 12
        },
        "Car.Policy.Epsilon.sum": {
            "value": 0.10157220000000003,
            "min": 0.10157220000000003,
            "max": 0.19179980000000005,
            "count": 12
        },
        "Car.Policy.Beta.mean": {
            "value": 2.5564780000000025e-05,
            "min": 2.5564780000000025e-05,
            "max": 0.00091881802,
            "count": 12
        },
        "Car.Policy.Beta.sum": {
            "value": 2.5564780000000025e-05,
            "min": 2.5564780000000025e-05,
            "max": 0.00091881802,
            "count": 12
        }
    },
    "metadata": {
        "timer_format_version": "0.1.0",
        "start_time_seconds": "1713032963",
        "python_version": "3.9.11 (main, Mar 30 2022, 02:45:55) [MSC v.1916 64 bit (AMD64)]",
        "command_line_arguments": "C:\\Users\\User\\miniconda3\\envs\\mlagents\\Scripts\\mlagents-learn Car.yaml --run-id=CarDriving104",
        "mlagents_version": "0.30.0",
        "mlagents_envs_version": "0.30.0",
        "communication_protocol_version": "1.5.0",
        "pytorch_version": "2.2.2+cpu",
        "numpy_version": "1.21.2",
        "end_time_seconds": "1713033325"
    },
    "total": 362.63117389999996,
    "count": 1,
    "self": 0.008254099999930986,
    "children": {
        "run_training.setup": {
            "total": 0.06776300000000002,
            "count": 1,
            "self": 0.06776300000000002
        },
        "TrainerController.start_learning": {
            "total": 362.5551568,
            "count": 1,
            "self": 0.35678650000210155,
            "children": {
                "TrainerController._reset_env": {
                    "total": 7.915404,
                    "count": 1,
                    "self": 7.915404
                },
                "TrainerController.advance": {
                    "total": 354.2116619999979,
                    "count": 17503,
                    "self": 0.36602759999635737,
                    "children": {
                        "env_step": {
                            "total": 191.88629600000135,
                            "count": 17503,
                            "self": 162.50561690000183,
                            "children": {
                                "SubprocessEnvManager._take_step": {
                                    "total": 29.156592699999287,
                                    "count": 17503,
                                    "self": 1.4076852999992937,
                                    "children": {
                                        "TorchPolicy.evaluate": {
                                            "total": 27.748907399999993,
                                            "count": 16692,
                                            "self": 27.748907399999993
                                        }
                                    }
                                },
                                "workers": {
                                    "total": 0.22408640000024604,
                                    "count": 17503,
                                    "self": 0.0,
                                    "children": {
                                        "worker_root": {
                                            "total": 354.6041330999974,
                                            "count": 17503,
                                            "is_parallel": true,
                                            "self": 224.07901769999876,
                                            "children": {
                                                "steps_from_proto": {
                                                    "total": 0.00044799999999955986,
                                                    "count": 1,
                                                    "is_parallel": true,
                                                    "self": 0.00014169999999857907,