{"count":1,"self":10.6155648,"total":11.960269199999999,"children":{"InitializeActuators":{"count":40,"self":0.0010000999999999999,"total":0.0010000999999999999,"children":null},"InitializeSensors":{"count":40,"self":0.0020001,"total":0.0020001,"children":null},"AgentSendState":{"count":339,"self":1.0354035,"total":1.3197041,"children":{"CollectObservations":{"count":2720,"self":0.0090073999999999987,"total":0.0090073999999999987,"children":null},"WriteActionMask":{"count":2720,"self":0.0020007,"total":0.0020007,"children":null},"RequestDecision":{"count":2720,"self":0.27029149999999996,"total":0.2732925,"children":{"RayPerceptionSensor.Perceive":{"count":5440,"self":0.0030009999999999998,"total":0.0030009999999999998,"children":null}}}}},"DecideAction":{"count":339,"self":0.010003999999999999,"total":0.010003999999999999,"children":null},"AgentAct":{"count":339,"self":0.010996299999999999,"total":0.010996299999999999,"children":null}},"gauges":{},"metadata":{"timer_format_version":"0.1.0","start_time_seconds":"1717415641","unity_version":"2022.3.5f1","command_line_arguments":"C:\\Program Files\\Unity 2022.3.5f1\\Editor\\Unity.exe -projectpath C:\\Unity\\TurtleRun_ML-Agents -useHub -hubIPC -cloudEnvironment production -licensingIpc LicenseClient-nahan -hubSessionId c9d5036b-9c1b-47d9-af4c-7bb290654588 -accessToken _7pz3E9wvEob2i_68sX4kjCUQbCLZApafCSgzWobfMM00df","communication_protocol_version":"1.5.0","com.unity.ml-agents_version":"2.0.1","scene_name":"LearningRace3","end_time_seconds":"1717415653"}}