{"count":1,"self":61.736083199999996,"total":694.64683229999991,"children":{"InitializeActuators":{"count":40,"self":0.0015103,"total":0.0015103,"children":null},"InitializeSensors":{"count":40,"self":0.0015052,"total":0.0015052,"children":null},"AgentSendState":{"count":125167,"self":46.5646304,"total":52.876067899999995,"children":{"CollectObservations":{"count":1001360,"self":0.75672659999999992,"total":0.75672659999999992,"children":null},"WriteActionMask":{"count":1001360,"self":0.127746,"total":0.127746,"children":null},"RequestDecision":{"count":1001360,"self":0.667611,"total":5.4269637,"children":{"AgentInfo.ToProto":{"count":1001360,"self":0.924611,"total":4.7593527,"children":{"GenerateSensorData":{"count":1001360,"self":3.116482,"total":3.8347417,"children":{"RayPerceptionSensor.Perceive":{"count":1001360,"self":0.7182597,"total":0.7182597,"children":null}}}}}}}}},"DecideAction":{"count":125167,"self":578.3100416,"total":578.3100173,"children":null},"AgentAct":{"count":125167,"self":1.6940355999999999,"total":1.7062366,"children":{"AgentInfo.ToProto":{"count":995,"self":0.0040149999999999995,"total":0.012201,"children":{"GenerateSensorData":{"count":995,"self":0.0066799999999999993,"total":0.0081859999999999988,"children":{"RayPerceptionSensor.Perceive":{"count":995,"self":0.001506,"total":0.001506,"children":null}}}}}}},"AgentInfo.ToProto":{"count":746,"self":0.0037806999999999997,"total":0.0154109,"children":{"GenerateSensorData":{"count":746,"self":0.0106152,"total":0.0116302,"children":{"RayPerceptionSensor.Perceive":{"count":746,"self":0.001015,"total":0.001015,"children":null}}}}}},"gauges":{"Car.CumulativeReward":{"count":1741,"max":150.058929,"min":-378.264648,"runningAverage":79.80772,"value":102.89267,"weightedAverage":127.396439}},"metadata":{"timer_format_version":"0.1.0","start_time_seconds":"1713173141","unity_version":"2022.3.4f1","command_line_arguments":"C:\\Program Files\\Unity\\Hub\\Editor\\2022.3.4f1\\Editor\\Unity.exe -projectpath C:\\Users\\User\\UnityProjects\\TurtleRun_ML-Agents -useHub -hubIPC -cloudEnvironment production -licensingIpc LicenseClient-User -hubSessionId 03e81ada-05e6-44a7-a59e-bb49f3806875 -accessToken yk_4BAgjyJeOLkl74N3wQRLLmr7-0tv2izWxEV9CHO400df","communication_protocol_version":"1.5.0","com.unity.ml-agents_version":"2.0.1","scene_name":"raceagent2","end_time_seconds":"1713173836"}}