{
    "name": "root",
    "gauges": {
        "Car.Policy.Entropy.mean": {
            "value": 1.874779462814331,
            "min": 1.836274266242981,
            "max": 2.196884870529175,
            "count": 50
        },
        "Car.Policy.Entropy.sum": {
            "value": 18897.77734375,
            "min": 17670.697265625,
            "max": 24604.28125,
            "count": 50
        },
        "Car.Step.mean": {
            "value": 499966.0,
            "min": 9984.0,
            "max": 499966.0,
            "count": 50
        },
        "Car.Step.sum": {
            "value": 499966.0,
            "min": 9984.0,
            "max": 499966.0,
            "count": 50
        },
        "Car.Policy.ExtrinsicValueEstimate.mean": {
            "value": 4.93047571182251,
            "min": -1.5223007202148438,
            "max": 6.12886381149292,
            "count": 50
        },
        "Car.Policy.ExtrinsicValueEstimate.sum": {
            "value": 823.389404296875,
            "min": -242.04580688476562,
            "max": 1035.7779541015625,
            "count": 50
        },
        "Car.IsTraining.mean": {
            "value": 1.0,
            "min": 1.0,
            "max": 1.0,
            "count": 50
        },
        "Car.IsTraining.sum": {
            "value": 1.0,
            "min": 1.0,
            "max": 1.0,
            "count": 50
        },
        "Car.Environment.EpisodeLength.mean": {
            "value": 584.9375,
            "min": 327.0,
            "max": 899.0,
            "count": 48
        },
        "Car.Environment.EpisodeLength.sum": {
            "value": 9359.0,
            "min": 327.0,
            "max": 23363.0,
            "count": 48
        },
        "Car.Environment.CumulativeReward.mean": {
            "value": 80.70987623557448,
            "min": -26.901916325092316,
            "max": 87.32089065015316,
            "count": 48
        },
        "Car.Environment.CumulativeReward.sum": {
            "value": 1291.3580197691917,
            "min": -698.008226364851,
            "max": 1826.4384743571281,
            "count": 48
        },
        "Car.Policy.ExtrinsicReward.mean": {
            "value": 80.70987623557448,
            "min": -26.901916325092316,
            "max": 87.32089065015316,
            "count": 48
        },
        "Car.Policy.ExtrinsicReward.sum": {
            "value": 1291.3580197691917,
            "min": -698.008226364851,
            "max": 1826.4384743571281,
            "count": 48
        },
        "Car.Losses.PolicyLoss.mean": {
            "value": 0.020495241806687166,
            "min": 0.020495241806687166,
            "max": 0.02873059080642027,
            "count": 11
        },
        "Car.Losses.PolicyLoss.sum": {
            "value": 0.020495241806687166,
            "min": 0.020495241806687166,
            "max": 0.02873059080642027,
            "count": 11
        },
        "Car.Losses.ValueLoss.mean": {
            "value": 13.216834203402202,
            "min": 0.7172575515460192,
            "max": 13.216834203402202,
            "count": 11
        },
        "Car.Losses.ValueLoss.sum": {
            "value": 13.216834203402202,
            "min": 0.7172575515460192,
            "max": 13.216834203402202,
            "count": 11
        },
        "Car.Policy.LearningRate.mean": {
            "value": 2.4519091826999984e-05,
            "min": 2.4519091826999984e-05,
            "max": 0.0002749854083382001,
            "count": 11
        },
        "Car.Policy.LearningRate.sum": {
            "value": 2.4519091826999984e-05,
            "min": 2.4519091826999984e-05,
            "max": 0.0002749854083382001,
            "count": 11
        },
        "Car.Policy.Epsilon.mean": {
            "value": 0.10817300000000002,
            "min": 0.10817300000000002,
            "max": 0.1916618,
            "count": 11
        },
        "Car.Policy.Epsilon.sum": {
            "value": 0.10817300000000002,
            "min": 0.10817300000000002,
            "max": 0.1916618,
            "count": 11
        },
        "Car.Policy.Beta.mean": {
            "value": 9.091269999999994e-05,
            "min": 9.091269999999994e-05,
            "max": 0.00091745182,
            "count": 11
        },
        "Car.Policy.Beta.sum": {
            "value": 9.091269999999994e-05,
            "min": 9.091269999999994e-05,
            "max": 0.00091745182,
            "count": 11
        }
    },
    "metadata": {
        "timer_format_version": "0.1.0",
        "start_time_seconds": "1713114536",
        "python_version": "3.9.11 (main, Mar 30 2022, 02:45:55) [MSC v.1916 64 bit (AMD64)]",
        "command_line_arguments": "C:\\Users\\User\\miniconda3\\envs\\mlagents\\Scripts\\mlagents-learn Car.yaml --run-id=CarDriving128",
        "mlagents_version": "0.30.0",
        "mlagents_envs_version": "0.30.0",
        "communication_protocol_version": "1.5.0",
        "pytorch_version": "2.2.2+cpu",
        "numpy_version": "1.21.2",
        "end_time_seconds": "1713114908"
    },
    "total": 371.7318436,
    "count": 1,
    "self": 0.00932820000002721,
    "children": {
        "run_training.setup": {
            "total": 0.05882799999999988,
            "count": 1,
            "self": 0.05882799999999988
        },
        "TrainerController.start_learning": {
            "total": 371.66368739999996,
            "count": 1,
            "self": 0.27275160000345977,
            "children": {
                "TrainerController._reset_env": {
                    "total": 6.4481611,
                    "count": 1,
                    "self": 6.4481611
                },
                "TrainerController.advance": {
                    "total": 364.86781719999647,
                    "count": 12789,
                    "self": 0.28916209999556486,
                    "children": {
                        "env_step": {
                            "total": 203.75537829999945,
                            "count": 12789,
                            "self": 174.2990013999987,
                            "children": {
                                "SubprocessEnvManager._take_step": {
                                    "total": 29.28127180000091,
                                    "count": 12789,
                                    "self": 1.0206858999982806,
                                    "children": {
                                        "TorchPolicy.evaluate": {
                                            "total": 28.260585900002628,
                                            "count": 12535,
                                            "self": 28.260585900002628
                                        }
                                    }
                                },
                                "workers": {
                                    "total": 0.17510509999983004,
                                    "count": 12789,
                                    "self": 0.0,
                                    "children": {
                                        "worker_root": {
                                            "total": 365.1977729999993,
                                            "count": 12789,
                                            "is_parallel": true,
                                            "self": 219.2234858999992,
                                            "children": {
                                                "steps_from_proto": {
                                                    "total": 0.0005796000000000134,
                                                    "count": 1,
                                                    "is_parallel": true,
                                                    "self": 0.00016189999999927096,