{
    "name": "root",
    "gauges": {
        "Car.Policy.Entropy.mean": {
            "value": 1.8794726133346558,
            "min": 1.8794726133346558,
            "max": 2.1971187591552734,
            "count": 50
        },
        "Car.Policy.Entropy.sum": {
            "value": 18945.083984375,
            "min": 15769.0322265625,
            "max": 25309.66796875,
            "count": 50
        },
        "Car.Step.mean": {
            "value": 499936.0,
            "min": 9984.0,
            "max": 499936.0,
            "count": 50
        },
        "Car.Step.sum": {
            "value": 499936.0,
            "min": 9984.0,
            "max": 499936.0,
            "count": 50
        },
        "Car.Policy.ExtrinsicValueEstimate.mean": {
            "value": 1.5354640483856201,
            "min": -2.4498543739318848,
            "max": 1.707435965538025,
            "count": 50
        },
        "Car.Policy.ExtrinsicValueEstimate.sum": {
            "value": 273.3125915527344,
            "min": -436.0740966796875,
            "max": 273.3125915527344,
            "count": 50
        },
        "Car.IsTraining.mean": {
            "value": 1.0,
            "min": 1.0,
            "max": 1.0,
            "count": 50
        },
        "Car.IsTraining.sum": {
            "value": 1.0,
            "min": 1.0,
            "max": 1.0,
            "count": 50
        },
        "Car.Environment.EpisodeLength.mean": {
            "value": 399.0,
            "min": 399.0,
            "max": 399.0,
            "count": 41
        },
        "Car.Environment.EpisodeLength.sum": {
            "value": 11970.0,
            "min": 11970.0,
            "max": 11970.0,
            "count": 41
        },
        "Car.Environment.CumulativeReward.mean": {
            "value": 28.301669696470103,
            "min": -18.589999134838582,
            "max": 39.25000321865082,
            "count": 49
        },
        "Car.Environment.CumulativeReward.sum": {
            "value": 849.050090894103,
            "min": -557.6999740451574,
            "max": 849.050090894103,
            "count": 49
        },
        "Car.Policy.ExtrinsicReward.mean": {
            "value": 28.301669696470103,
            "min": -18.589999134838582,
            "max": 39.25000321865082,
            "count": 49
        },
        "Car.Policy.ExtrinsicReward.sum": {
            "value": 849.050090894103,
            "min": -557.6999740451574,
            "max": 849.050090894103,
            "count": 49
        },
        "Car.Losses.PolicyLoss.mean": {
            "value": 0.025626137711645323,
            "min": 0.02175853441876825,
            "max": 0.027945553946483414,
            "count": 11
        },
        "Car.Losses.PolicyLoss.sum": {
            "value": 0.025626137711645323,
            "min": 0.02175853441876825,
            "max": 0.027945553946483414,
            "count": 11
        },
        "Car.Losses.ValueLoss.mean": {
            "value": 5.423154807672268,
            "min": 0.6874895905454953,
            "max": 5.423154807672268,
            "count": 11
        },
        "Car.Losses.ValueLoss.sum": {
            "value": 5.423154807672268,
            "min": 0.6874895905454953,
            "max": 5.423154807672268,
            "count": 11
        },
        "Car.Policy.LearningRate.mean": {
            "value": 2.2944092352000006e-05,
            "min": 2.2944092352000006e-05,
            "max": 0.00027494400835200003,
            "count": 11
        },
        "Car.Policy.LearningRate.sum": {
            "value": 2.2944092352000006e-05,
            "min": 2.2944092352000006e-05,
            "max": 0.00027494400835200003,
            "count": 11
        },
        "Car.Policy.Epsilon.mean": {
            "value": 0.10764799999999997,
            "min": 0.10764799999999997,
            "max": 0.19164799999999996,
            "count": 11
        },
        "Car.Policy.Epsilon.sum": {
            "value": 0.10764799999999997,
            "min": 0.10764799999999997,
            "max": 0.19164799999999996,
            "count": 11
        },
        "Car.Policy.Beta.mean": {
            "value": 8.571519999999995e-05,
            "min": 8.571519999999995e-05,
            "max": 0.0009173151999999998,
            "count": 11
        },
        "Car.Policy.Beta.sum": {
            "value": 8.571519999999995e-05,
            "min": 8.571519999999995e-05,
            "max": 0.0009173151999999998,
            "count": 11
        }
    },
    "metadata": {
        "timer_format_version": "0.1.0",
        "start_time_seconds": "1713030949",
        "python_version": "3.9.11 (main, Mar 30 2022, 02:45:55) [MSC v.1916 64 bit (AMD64)]",
        "command_line_arguments": "C:\\Users\\User\\miniconda3\\envs\\mlagents\\Scripts\\mlagents-learn Car.yaml --run-id=CarDriving100",
        "mlagents_version": "0.30.0",
        "mlagents_envs_version": "0.30.0",
        "communication_protocol_version": "1.5.0",
        "pytorch_version": "2.2.2+cpu",
        "numpy_version": "1.21.2",
        "end_time_seconds": "1713031322"
    },
    "total": 372.8420585,
    "count": 1,
    "self": 0.008243999999990592,
    "children": {
        "run_training.setup": {
            "total": 0.06798720000000014,
            "count": 1,
            "self": 0.06798720000000014
        },
        "TrainerController.start_learning": {
            "total": 372.7658273,
            "count": 1,
            "self": 0.3051865000012981,
            "children": {
                "TrainerController._reset_env": {
                    "total": 7.314268499999999,
                    "count": 1,
                    "self": 7.314268499999999
                },
                "TrainerController.advance": {
                    "total": 365.0714301999987,
                    "count": 16720,
                    "self": 0.31393109999481794,
                    "children": {
                        "env_step": {
                            "total": 215.3348024000001,
                            "count": 16720,
                            "self": 185.6709738000041,
                            "children": {
                                "SubprocessEnvManager._take_step": {
                                    "total": 29.460707199998122,
                                    "count": 16720,
                                    "self": 1.4018833999981233,
                                    "children": {
                                        "TorchPolicy.evaluate": {
                                            "total": 28.0588238,
                                            "count": 16720,
                                            "self": 28.0588238
                                        }
                                    }
                                },
                                "workers": {
                                    "total": 0.20312139999785295,
                                    "count": 16720,
                                    "self": 0.0,
                                    "children": {
                                        "worker_root": {
                                            "total": 365.32638830000013,
                                            "count": 16720,
                                            "is_parallel": true,
                                            "self": 212.40743260000067,
                                            "children": {
                                                "steps_from_proto": {
                                                    "total": 0.0004631000000001606,
                                                    "count": 1,
                                                    "is_parallel": true,
                                                    "self": 0.00014190000000002811,