{
    "name": "root",
    "gauges": {
        "Car.Policy.Entropy.mean": {
            "value": 2.188748836517334,
            "min": 2.188748836517334,
            "max": 2.197021961212158,
            "count": 3
        },
        "Car.Policy.Entropy.sum": {
            "value": 22106.36328125,
            "min": 21750.517578125,
            "max": 23156.03515625,
            "count": 3
        },
        "Car.Environment.EpisodeLength.mean": {
            "value": 181.22222222222223,
            "min": 116.36904761904762,
            "max": 181.22222222222223,
            "count": 3
        },
        "Car.Environment.EpisodeLength.sum": {
            "value": 9786.0,
            "min": 8672.0,
            "max": 9786.0,
            "count": 3
        },
        "Car.Step.mean": {
            "value": 29981.0,
            "min": 9962.0,
            "max": 29981.0,
            "count": 3
        },
        "Car.Step.sum": {
            "value": 29981.0,
            "min": 9962.0,
            "max": 29981.0,
            "count": 3
        },
        "Car.Policy.ExtrinsicValueEstimate.mean": {
            "value": -1.9287101030349731,
            "min": -1.9287101030349731,
            "max": 0.02942018210887909,
            "count": 3
        },
        "Car.Policy.ExtrinsicValueEstimate.sum": {
            "value": -354.8826599121094,
            "min": -354.8826599121094,
            "max": 5.589834690093994,
            "count": 3
        },
        "Car.Environment.CumulativeReward.mean": {
            "value": -10.719703422652351,
            "min": -10.719703422652351,
            "max": -10.374594425228802,
            "count": 3
        },
        "Car.Environment.CumulativeReward.sum": {
            "value": -578.8639848232269,
            "min": -879.7499945312738,
            "max": -578.8639848232269,
            "count": 3
        },
        "Car.Policy.ExtrinsicReward.mean": {
            "value": -10.719703422652351,
            "min": -10.719703422652351,
            "max": -10.374594425228802,
            "count": 3
        },
        "Car.Policy.ExtrinsicReward.sum": {
            "value": -578.8639848232269,
            "min": -879.7499945312738,
            "max": -578.8639848232269,
            "count": 3
        },
        "Car.IsTraining.mean": {
            "value": 1.0,
            "min": 1.0,
            "max": 1.0,
            "count": 3
        },
        "Car.IsTraining.sum": {
            "value": 1.0,
            "min": 1.0,
            "max": 1.0,
            "count": 3
        },
        "Car.Losses.PolicyLoss.mean": {
            "value": 0.03597770330573743,
            "min": 0.03597770330573743,
            "max": 0.03597770330573743,
            "count": 1
        },
        "Car.Losses.PolicyLoss.sum": {
            "value": 0.03597770330573743,
            "min": 0.03597770330573743,
            "max": 0.03597770330573743,
            "count": 1
        },
        "Car.Losses.ValueLoss.mean": {
            "value": 9.665322462717691,
            "min": 9.665322462717691,
            "max": 9.665322462717691,
            "count": 1
        },
        "Car.Losses.ValueLoss.sum": {
            "value": 9.665322462717691,
            "min": 9.665322462717691,
            "max": 9.665322462717691,
            "count": 1
        },
        "Car.Policy.LearningRate.mean": {
            "value": 0.00028767360410879994,
            "min": 0.00028767360410879994,
            "max": 0.00028767360410879994,
            "count": 1
        },
        "Car.Policy.LearningRate.sum": {
            "value": 0.00028767360410879994,
            "min": 0.00028767360410879994,
            "max": 0.00028767360410879994,
            "count": 1
        },
        "Car.Policy.Epsilon.mean": {
            "value": 0.19589120000000004,
            "min": 0.19589120000000004,
            "max": 0.19589120000000004,
            "count": 1
        },
        "Car.Policy.Epsilon.sum": {
            "value": 0.19589120000000004,
            "min": 0.19589120000000004,
            "max": 0.19589120000000004,
            "count": 1
        },
        "Car.Policy.Beta.mean": {
            "value": 0.0009593228800000001,
            "min": 0.0009593228800000001,
            "max": 0.0009593228800000001,
            "count": 1
        },
        "Car.Policy.Beta.sum": {
            "value": 0.0009593228800000001,
            "min": 0.0009593228800000001,
            "max": 0.0009593228800000001,
            "count": 1
        }
    },
    "metadata": {
        "timer_format_version": "0.1.0",
        "start_time_seconds": "1713012624",
        "python_version": "3.9.11 (main, Mar 30 2022, 02:45:55) [MSC v.1916 64 bit (AMD64)]",
        "command_line_arguments": "C:\\Users\\User\\miniconda3\\envs\\mlagents\\Scripts\\mlagents-learn Car.yaml --run-id=CarDriving01",
        "mlagents_version": "0.30.0",
        "mlagents_envs_version": "0.30.0",
        "communication_protocol_version": "1.5.0",
        "pytorch_version": "2.2.2+cpu",
        "numpy_version": "1.21.2",
        "end_time_seconds": "1713012659"
    },
    "total": 34.2917147,
    "count": 1,
    "self": 0.003555099999999811,
    "children": {
        "run_training.setup": {
            "total": 0.05930369999999985,
            "count": 1,
            "self": 0.05930369999999985
        },
        "TrainerController.start_learning": {
            "total": 34.2288559,
            "count": 1,
            "self": 0.03527930000004886,
            "children": {
                "TrainerController._reset_env": {
                    "total": 8.3183196,
                    "count": 1,
                    "self": 8.3183196
                },
                "TrainerController.advance": {
                    "total": 25.798505199999955,
                    "count": 1878,
                    "self": 0.03287319999999383,
                    "children": {
                        "env_step": {
                            "total": 17.539144500000024,
                            "count": 1878,
                            "self": 14.72574699999993,
                            "children": {
                                "SubprocessEnvManager._take_step": {
                                    "total": 2.7915097000000664,
                                    "count": 1878,
                                    "self": 0.1037356000001104,
                                    "children": {
                                        "TorchPolicy.evaluate": {
                                            "total": 2.687774099999956,
                                            "count": 1704,
                                            "self": 2.687774099999956
                                        }
                                    }
                                },
                                "workers": {
                                    "total": 0.021887800000026658,
                                    "count": 1877,
                                    "self": 0.0,
                                    "children": {
                                        "worker_root": {
                                            "total": 22.572914600000065,
                                            "count": 1877,
                                            "is_parallel": true,
                                            "self": 14.177492600000145,
                                            "children": {
                                                "steps_from_proto": {
                                                    "total": 0.0004597000000003959,
                                                    "count": 1,
                                                    "is_parallel": true,
                                                    "self": 0.00015310000000123836,