{
    "name": "root",
    "gauges": {
        "Car.Policy.Entropy.mean": {
            "value": 2.0060181617736816,
            "min": 1.9408906698226929,
            "max": 2.1970314979553223,
            "count": 50
        },
        "Car.Policy.Entropy.sum": {
            "value": 19618.857421875,
            "min": 19331.271484375,
            "max": 23859.09765625,
            "count": 50
        },
        "Car.Environment.EpisodeLength.mean": {
            "value": 644.6153846153846,
            "min": 205.66666666666666,
            "max": 708.1875,
            "count": 50
        },
        "Car.Environment.EpisodeLength.sum": {
            "value": 8380.0,
            "min": 6787.0,
            "max": 12427.0,
            "count": 50
        },
        "Car.Step.mean": {
            "value": 499968.0,
            "min": 9986.0,
            "max": 499968.0,
            "count": 50
        },
        "Car.Step.sum": {
            "value": 499968.0,
            "min": 9986.0,
            "max": 499968.0,
            "count": 50
        },
        "Car.Policy.ExtrinsicValueEstimate.mean": {
            "value": 0.3414721190929413,
            "min": -3.251230478286743,
            "max": 0.8856583833694458,
            "count": 50
        },
        "Car.Policy.ExtrinsicValueEstimate.sum": {
            "value": 56.001426696777344,
            "min": -555.3754272460938,
            "max": 147.019287109375,
            "count": 50
        },
        "Car.Environment.CumulativeReward.mean": {
            "value": 31.009542600466656,
            "min": -16.76107042069946,
            "max": 31.009542600466656,
            "count": 50
        },
        "Car.Environment.CumulativeReward.sum": {
            "value": 403.1240538060665,
            "min": -742.2039818167686,
            "max": 509.59607115387917,
            "count": 50
        },
        "Car.Policy.ExtrinsicReward.mean": {
            "value": 31.009542600466656,
            "min": -16.76107042069946,
            "max": 31.009542600466656,
            "count": 50
        },
        "Car.Policy.ExtrinsicReward.sum": {
            "value": 403.1240538060665,
            "min": -742.2039818167686,
            "max": 509.59607115387917,
            "count": 50
        },
        "Car.IsTraining.mean": {
            "value": 1.0,
            "min": 1.0,
            "max": 1.0,
            "count": 50
        },
        "Car.IsTraining.sum": {
            "value": 1.0,
            "min": 1.0,
            "max": 1.0,
            "count": 50
        },
        "Car.Losses.PolicyLoss.mean": {
            "value": 0.02317756467188398,
            "min": 0.022041728184558452,
            "max": 0.028295753263713173,
            "count": 12
        },
        "Car.Losses.PolicyLoss.sum": {
            "value": 0.02317756467188398,
            "min": 0.022041728184558452,
            "max": 0.028295753263713173,
            "count": 12
        },
        "Car.Losses.ValueLoss.mean": {
            "value": 9.38719809850057,
            "min": 2.34987251162529,
            "max": 9.38719809850057,
            "count": 12
        },
        "Car.Losses.ValueLoss.sum": {
            "value": 9.38719809850057,
            "min": 2.34987251162529,
            "max": 9.38719809850057,
            "count": 12
        },
        "Car.Policy.LearningRate.mean": {
            "value": 4.899698366800004e-06,
            "min": 4.899698366800004e-06,
            "max": 0.00027541380819539994,
            "count": 12
        },
        "Car.Policy.LearningRate.sum": {
            "value": 4.899698366800004e-06,
            "min": 4.899698366800004e-06,
            "max": 0.00027541380819539994,
            "count": 12
        },
        "Car.Policy.Epsilon.mean": {
            "value": 0.10163319999999999,
            "min": 0.10163319999999999,
            "max": 0.19180460000000008,
            "count": 12
        },
        "Car.Policy.Epsilon.sum": {
            "value": 0.10163319999999999,
            "min": 0.10163319999999999,
            "max": 0.19180460000000008,
            "count": 12
        },
        "Car.Policy.Beta.mean": {
            "value": 2.6168680000000015e-05,
            "min": 2.6168680000000015e-05,
            "max": 0.0009188655400000005,
            "count": 12
        },
        "Car.Policy.Beta.sum": {
            "value": 2.6168680000000015e-05,
            "min": 2.6168680000000015e-05,
            "max": 0.0009188655400000005,
            "count": 12
        }
    },
    "metadata": {
        "timer_format_version": "0.1.0",
        "start_time_seconds": "1713025525",
        "python_version": "3.9.11 (main, Mar 30 2022, 02:45:55) [MSC v.1916 64 bit (AMD64)]",
        "command_line_arguments": "C:\\Users\\User\\miniconda3\\envs\\mlagents\\Scripts\\mlagents-learn Car.yaml --run-id=CarDriving88",
        "mlagents_version": "0.30.0",
        "mlagents_envs_version": "0.30.0",
        "communication_protocol_version": "1.5.0",
        "pytorch_version": "2.2.2+cpu",
        "numpy_version": "1.21.2",
        "end_time_seconds": "1713025853"
    },
    "total": 328.5388608,
    "count": 1,
    "self": 0.009677899999985584,
    "children": {
        "run_training.setup": {
            "total": 0.0635192,
            "count": 1,
            "self": 0.0635192
        },
        "TrainerController.start_learning": {
            "total": 328.46566370000005,
            "count": 1,
            "self": 0.36242270000002463,
            "children": {
                "TrainerController._reset_env": {
                    "total": 6.4152857,
                    "count": 1,
                    "self": 6.4152857
                },
                "TrainerController.advance": {
                    "total": 321.6144845,
                    "count": 17642,
                    "self": 0.3425995999978113,
                    "children": {
                        "env_step": {
                            "total": 157.35847649999886,
                            "count": 17642,
                            "self": 128.48687709999857,
                            "children": {
                                "SubprocessEnvManager._take_step": {
                                    "total": 28.647802599999142,
                                    "count": 17642,
                                    "self": 1.3187703000008355,
                                    "children": {
                                        "TorchPolicy.evaluate": {
                                            "total": 27.329032299998307,
                                            "count": 16695,
                                            "self": 27.329032299998307
                                        }
                                    }
                                },
                                "workers": {
                                    "total": 0.22379680000115343,
                                    "count": 17642,
                                    "self": 0.0,
                                    "children": {
                                        "worker_root": {
                                            "total": 321.9995450999999,
                                            "count": 17642,
                                            "is_parallel": true,
                                            "self": 225.18378130000048,
                                            "children": {
                                                "steps_from_proto": {
                                                    "total": 0.00044990000000044716,
                                                    "count": 1,
                                                    "is_parallel": true,
                                                    "self": 0.00014819999999904354,