{
    "name": "root",
    "gauges": {
        "Car.Policy.Entropy.mean": {
            "value": 1.9158943891525269,
            "min": 1.8951104879379272,
            "max": 2.197002410888672,
            "count": 50
        },
        "Car.Policy.Entropy.sum": {
            "value": 19005.671875,
            "min": 18799.49609375,
            "max": 23288.2265625,
            "count": 50
        },
        "Car.Environment.EpisodeLength.mean": {
            "value": 538.4285714285714,
            "min": 103.69767441860465,
            "max": 559.95,
            "count": 50
        },
        "Car.Environment.EpisodeLength.sum": {
            "value": 7538.0,
            "min": 7351.0,
            "max": 12573.0,
            "count": 50
        },
        "Car.Step.mean": {
            "value": 499954.0,
            "min": 9964.0,
            "max": 499954.0,
            "count": 50
        },
        "Car.Step.sum": {
            "value": 499954.0,
            "min": 9964.0,
            "max": 499954.0,
            "count": 50
        },
        "Car.Policy.ExtrinsicValueEstimate.mean": {
            "value": -0.8457393646240234,
            "min": -2.0233235359191895,
            "max": -0.030504068359732628,
            "count": 50
        },
        "Car.Policy.ExtrinsicValueEstimate.sum": {
            "value": -139.5469970703125,
            "min": -347.67572021484375,
            "max": -5.948293209075928,
            "count": 50
        },
        "Car.Environment.CumulativeReward.mean": {
            "value": 0.03857371636799404,
            "min": -7.337427955014365,
            "max": 2.884429774380156,
            "count": 50
        },
        "Car.Environment.CumulativeReward.sum": {
            "value": 0.5400320291519165,
            "min": -466.1599882096052,
            "max": 161.52806736528873,
            "count": 50
        },
        "Car.Policy.ExtrinsicReward.mean": {
            "value": 0.03857371636799404,
            "min": -7.337427955014365,
            "max": 2.884429774380156,
            "count": 50
        },
        "Car.Policy.ExtrinsicReward.sum": {
            "value": 0.5400320291519165,
            "min": -466.1599882096052,
            "max": 161.52806736528873,
            "count": 50
        },
        "Car.IsTraining.mean": {
            "value": 1.0,
            "min": 1.0,
            "max": 1.0,
            "count": 50
        },
        "Car.IsTraining.sum": {
            "value": 1.0,
            "min": 1.0,
            "max": 1.0,
            "count": 50
        },
        "Car.Losses.PolicyLoss.mean": {
            "value": 0.03668167019883792,
            "min": 0.03210633548151236,
            "max": 0.043786130573910974,
            "count": 24
        },
        "Car.Losses.PolicyLoss.sum": {
            "value": 0.03668167019883792,
            "min": 0.03210633548151236,
            "max": 0.043786130573910974,
            "count": 24
        },
        "Car.Losses.ValueLoss.mean": {
            "value": 3.384221843878428,
            "min": 0.5531288683414459,
            "max": 5.82579034169515,
            "count": 24
        },
        "Car.Losses.ValueLoss.sum": {
            "value": 3.384221843878428,
            "min": 0.5531288683414459,
            "max": 5.82579034169515,
            "count": 24
        },
        "Car.Policy.LearningRate.mean": {
            "value": 4.417298527599988e-06,
            "min": 4.417298527599988e-06,
            "max": 0.00028767360410879994,
            "count": 24
        },
        "Car.Policy.LearningRate.sum": {
            "value": 4.417298527599988e-06,
            "min": 4.417298527599988e-06,
            "max": 0.00028767360410879994,
            "count": 24
        },
        "Car.Policy.Epsilon.mean": {
            "value": 0.1014724,
            "min": 0.1014724,
            "max": 0.19589120000000004,
            "count": 24
        },
        "Car.Policy.Epsilon.sum": {
            "value": 0.1014724,
            "min": 0.1014724,
            "max": 0.19589120000000004,
            "count": 24
        },
        "Car.Policy.Beta.mean": {
            "value": 2.457675999999995e-05,
            "min": 2.457675999999995e-05,
            "max": 0.0009593228800000001,
            "count": 24
        },
        "Car.Policy.Beta.sum": {
            "value": 2.457675999999995e-05,
            "min": 2.457675999999995e-05,
            "max": 0.0009593228800000001,
            "count": 24
        }
    },
    "metadata": {
        "timer_format_version": "0.1.0",
        "start_time_seconds": "1713013671",
        "python_version": "3.9.11 (main, Mar 30 2022, 02:45:55) [MSC v.1916 64 bit (AMD64)]",
        "command_line_arguments": "C:\\Users\\User\\miniconda3\\envs\\mlagents\\Scripts\\mlagents-learn Car.yaml --run-id=CarDriving65",
        "mlagents_version": "0.30.0",
        "mlagents_envs_version": "0.30.0",
        "communication_protocol_version": "1.5.0",
        "pytorch_version": "2.2.2+cpu",
        "numpy_version": "1.21.2",
        "end_time_seconds": "1713014052"
    },
    "total": 380.96714890000004,
    "count": 1,
    "self": 0.009793900000090616,
    "children": {
        "run_training.setup": {
            "total": 0.06268949999999984,
            "count": 1,
            "self": 0.06268949999999984
        },
        "TrainerController.start_learning": {
            "total": 380.8946655,
            "count": 1,
            "self": 0.5055694999996376,
            "children": {
                "TrainerController._reset_env": {
                    "total": 6.2442564,
                    "count": 1,
                    "self": 6.2442564
                },
                "TrainerController.advance": {
                    "total": 374.0720401000003,
                    "count": 26348,
                    "self": 0.49772840000014185,
                    "children": {
                        "env_step": {
                            "total": 202.696281900001,
                            "count": 26348,
                            "self": 160.2591972000087,
                            "children": {
                                "SubprocessEnvManager._take_step": {
                                    "total": 42.11932439999502,
                                    "count": 26348,
                                    "self": 1.5321385000002437,
                                    "children": {
                                        "TorchPolicy.evaluate": {
                                            "total": 40.58718589999478,
                                            "count": 25025,
                                            "self": 40.58718589999478
                                        }
                                    }
                                },
                                "workers": {
                                    "total": 0.31776029999724553,
                                    "count": 26348,
                                    "self": 0.0,
                                    "children": {
                                        "worker_root": {
                                            "total": 374.40843520000055,
                                            "count": 26348,
                                            "is_parallel": true,
                                            "self": 251.50196180000063,
                                            "children": {
                                                "steps_from_proto": {
                                                    "total": 0.0005209999999999937,
                                                    "count": 1,
                                                    "is_parallel": true,
                                                    "self": 0.00015930000000086153,