{
    "name": "root",
    "metadata": {
        "timer_format_version": "0.1.0",
        "start_time_seconds": "1713157696",
        "python_version": "3.9.11 (main, Mar 30 2022, 02:45:55) [MSC v.1916 64 bit (AMD64)]",
        "command_line_arguments": "C:\\Users\\User\\miniconda3\\envs\\mlagents\\Scripts\\mlagents-learn Car.yaml --run-id=CarDriving142",
        "mlagents_version": "0.30.0",
        "mlagents_envs_version": "0.30.0",
        "communication_protocol_version": "1.5.0",
        "pytorch_version": "2.2.2+cpu",
        "numpy_version": "1.21.2",
        "end_time_seconds": "1713157710"
    },
    "total": 13.3475716,
    "count": 1,
    "self": 0.007520500000000041,
    "children": {
        "run_training.setup": {
            "total": 0.07053490000000018,
            "count": 1,
            "self": 0.07053490000000018
        },
        "TrainerController.start_learning": {
            "total": 13.2695162,
            "count": 1,
            "self": 0.007624700000025797,
            "children": {
                "TrainerController._reset_env": {
                    "total": 7.5315385,
                    "count": 1,
                    "self": 7.5315385
                },
                "TrainerController.advance": {
                    "total": 5.620734899999974,
                    "count": 427,
                    "self": 0.007061799999975804,
                    "children": {
                        "env_step": {
                            "total": 5.57230639999997,
                            "count": 427,
                            "self": 4.870193999999968,
                            "children": {
                                "SubprocessEnvManager._take_step": {
                                    "total": 0.6974366999999972,
                                    "count": 427,
                                    "self": 0.021833600000000786,
                                    "children": {
                                        "TorchPolicy.evaluate": {
                                            "total": 0.6756030999999965,
                                            "count": 427,
                                            "self": 0.6756030999999965
                                        }
                                    }
                                },
                                "workers": {
                                    "total": 0.004675700000005278,
                                    "count": 426,
                                    "self": 0.0,
                                    "children": {
                                        "worker_root": {
                                            "total": 3.903581499999998,
                                            "count": 426,
                                            "is_parallel": true,
                                            "self": 2.243789899999996,
                                            "children": {
                                                "steps_from_proto": {
                                                    "total": 0.00032030000000027314,
                                                    "count": 1,
                                                    "is_parallel": true,
                                                    "self": 0.0001466000000007739,
                                                    "children": {
                                                        "_process_rank_one_or_two_observation": {
                                                            "total": 0.00017369999999949925,
                                                            "count": 4,
                                                            "is_parallel": true,
                                                            "self": 0.00017369999999949925
                                                        }
                                                    }
                                                },
                                                "UnityEnvironment.step": {
                                                    "total": 1.6594713000000016,
                                                    "count": 426,
                                                    "is_parallel": true,
                                                    "self": 0.029865900000001666,
                                                    "children": {
                                                        "UnityEnvironment._generate_step_input": {
                                                            "total": 0.024923000000002027,
                                                            "count": 426,
                                                            "is_parallel": true,
                                                            "self": 0.024923000000002027
                                                        },
                                                        "communicator.exchange": {
                                                            "total": 1.476550599999996,
                                                            "count": 426,
                                                            "is_parallel": true,
                                                            "self": 1.476550599999996
                                                        },
                                                        "steps_from_proto": {
                                                            "total": 0.12813180000000202,
                                                            "count": 426,
                                                            "is_parallel": true,
                                                            "self": 0.07143469999999308,
                                                            "children": {
                                                                "_process_rank_one_or_two_observation": {
                                                                    "total": 0.05669710000000894,
                                                                    "count": 1704,
                                                                    "is_parallel": true,
                                                                    "self": 0.05669710000000894
                                                                }
                                                            }
                                                        }
                                                    }
                                                }
                                            }
                                        }
                                    }
                                }
                            }
                        },
                        "trainer_advance": {
                            "total": 0.041366700000027734,
                            "count": 426,
                            "self": 0.008232100000055809,
                            "children": {
                                "process_trajectory": {
                                    "total": 0.033134599999971925,
                                    "count": 426,
                                    "self": 0.033134599999971925
                                }
                            }
                        }
                    }
                },
                "trainer_threads": {
                    "total": 1.299999999204715e-06,
                    "count": 1,
                    "self": 1.299999999204715e-06
                },
                "TrainerController._save_models": {
                    "total": 0.10961680000000129,
                    "count": 1,
                    "self": 0.006124900000001432,