{
    "name": "root",
    "metadata": {
        "timer_format_version": "0.1.0",
        "start_time_seconds": "1712908114",
        "python_version": "3.9.11 (main, Mar 30 2022, 02:45:55) [MSC v.1916 64 bit (AMD64)]",
        "command_line_arguments": "C:\\Users\\User\\miniconda3\\envs\\mlagents\\Scripts\\mlagents-learn Car.yaml --run-id=CarDrining15",
        "mlagents_version": "0.30.0",
        "mlagents_envs_version": "0.30.0",
        "communication_protocol_version": "1.5.0",
        "pytorch_version": "2.2.2+cpu",
        "numpy_version": "1.21.2",
        "end_time_seconds": "1712908157"
    },
    "total": 42.8842884,
    "count": 1,
    "self": 0.0037781000000052245,
    "children": {
        "run_training.setup": {
            "total": 0.0671288000000001,
            "count": 1,
            "self": 0.0671288000000001
        },
        "TrainerController.start_learning": {
            "total": 42.8133815,
            "count": 1,
            "self": 0.06250930000005184,
            "children": {
                "TrainerController._reset_env": {
                    "total": 7.503663499999999,
                    "count": 1,
                    "self": 7.503663499999999
                },
                "TrainerController.advance": {
                    "total": 35.191837099999944,
                    "count": 3844,
                    "self": 0.060795699999722785,
                    "children": {
                        "env_step": {
                            "total": 26.541017300000135,
                            "count": 3844,
                            "self": 20.723831600000246,
                            "children": {
                                "SubprocessEnvManager._take_step": {
                                    "total": 5.774636099999945,
                                    "count": 3844,
                                    "self": 0.19581900000001262,
                                    "children": {
                                        "TorchPolicy.evaluate": {
                                            "total": 5.578817099999933,
                                            "count": 3844,
                                            "self": 5.578817099999933
                                        }
                                    }
                                },
                                "workers": {
                                    "total": 0.0425495999999459,
                                    "count": 3843,
                                    "self": 0.0,
                                    "children": {
                                        "worker_root": {
                                            "total": 30.29526489999995,
                                            "count": 3843,
                                            "is_parallel": true,
                                            "self": 18.803717599999914,
                                            "children": {
                                                "steps_from_proto": {
                                                    "total": 0.00033309999999975304,
                                                    "count": 1,
                                                    "is_parallel": true,
                                                    "self": 0.0001501999999993231,
                                                    "children": {
                                                        "_process_rank_one_or_two_observation": {
                                                            "total": 0.00018290000000042994,
                                                            "count": 4,
                                                            "is_parallel": true,
                                                            "self": 0.00018290000000042994
                                                        }
                                                    }
                                                },
                                                "UnityEnvironment.step": {
                                                    "total": 11.491214200000035,
                                                    "count": 3843,
                                                    "is_parallel": true,
                                                    "self": 0.38602839999990657,
                                                    "children": {
                                                        "UnityEnvironment._generate_step_input": {
                                                            "total": 0.5870644000000658,
                                                            "count": 3843,
                                                            "is_parallel": true,
                                                            "self": 0.5870644000000658
                                                        },
                                                        "communicator.exchange": {
                                                            "total": 9.140677399999998,
                                                            "count": 3843,
                                                            "is_parallel": true,
                                                            "self": 9.140677399999998
                                                        },
                                                        "steps_from_proto": {
                                                            "total": 1.3774440000000636,
                                                            "count": 3843,
                                                            "is_parallel": true,
                                                            "self": 0.6340248999999396,
                                                            "children": {
                                                                "_process_rank_one_or_two_observation": {
                                                                    "total": 0.743419100000124,
                                                                    "count": 15372,
                                                                    "is_parallel": true,
                                                                    "self": 0.743419100000124
                                                                }
                                                            }
                                                        }
                                                    }
                                                }
                                            }
                                        }
                                    }
                                }
                            }
                        },
                        "trainer_advance": {
                            "total": 8.590024100000086,
                            "count": 3843,
                            "self": 0.07038160000022131,
                            "children": {
                                "process_trajectory": {
                                    "total": 2.1516149999998646,
                                    "count": 3843,
                                    "self": 2.1516149999998646
                                },
                                "_update_policy": {
                                    "total": 6.3680275,
                                    "count": 2,
                                    "self": 3.8000827999999807,
                                    "children": {
                                        "TorchPPOOptimizer.update": {
                                            "total": 2.5679447000000195,
                                            "count": 246,