{
    "name": "root",
    "gauges": {
        "Car.Policy.Entropy.mean": {
            "value": 2.0945005416870117,
            "min": 2.0945005416870117,
            "max": 2.0945005416870117,
            "count": 1
        },
        "Car.Policy.Entropy.sum": {
            "value": 210187.3125,
            "min": 210187.3125,
            "max": 210187.3125,
            "count": 1
        },
        "Car.Step.mean": {
            "value": 99968.0,
            "min": 99968.0,
            "max": 99968.0,
            "count": 1
        },
        "Car.Step.sum": {
            "value": 99968.0,
            "min": 99968.0,
            "max": 99968.0,
            "count": 1
        },
        "Car.Policy.ExtrinsicValueEstimate.mean": {
            "value": -0.9633957743644714,
            "min": -0.9633957743644714,
            "max": -0.9633957743644714,
            "count": 1
        },
        "Car.Policy.ExtrinsicValueEstimate.sum": {
            "value": -1605.017333984375,
            "min": -1605.017333984375,
            "max": -1605.017333984375,
            "count": 1
        },
        "Car.Environment.EpisodeLength.mean": {
            "value": 239.0,
            "min": 239.0,
            "max": 239.0,
            "count": 1
        },
        "Car.Environment.EpisodeLength.sum": {
            "value": 99424.0,
            "min": 99424.0,
            "max": 99424.0,
            "count": 1
        },
        "Car.Environment.CumulativeReward.mean": {
            "value": -4.16923079568033,
            "min": -4.16923079568033,
            "max": -4.16923079568033,
            "count": 1
        },
        "Car.Environment.CumulativeReward.sum": {
            "value": -1734.4000110030174,
            "min": -1734.4000110030174,
            "max": -1734.4000110030174,
            "count": 1
        },
        "Car.Policy.ExtrinsicReward.mean": {
            "value": -4.16923079568033,
            "min": -4.16923079568033,
            "max": -4.16923079568033,
            "count": 1
        },
        "Car.Policy.ExtrinsicReward.sum": {
            "value": -1734.4000110030174,
            "min": -1734.4000110030174,
            "max": -1734.4000110030174,
            "count": 1
        },
        "Car.Losses.PolicyLoss.mean": {
            "value": 0.047934318523430844,
            "min": 0.047934318523430844,
            "max": 0.047934318523430844,
            "count": 1
        },
        "Car.Losses.PolicyLoss.sum": {
            "value": 0.4314088667108776,
            "min": 0.4314088667108776,
            "max": 0.4314088667108776,
            "count": 1
        },
        "Car.Losses.ValueLoss.mean": {
            "value": 0.1406984226954823,
            "min": 0.1406984226954823,
            "max": 0.1406984226954823,
            "count": 1
        },
        "Car.Losses.ValueLoss.sum": {
            "value": 1.2662858042593408,
            "min": 1.2662858042593408,
            "max": 1.2662858042593408,
            "count": 1
        },
        "Car.Policy.LearningRate.mean": {
            "value": 0.0002682986772337777,
            "min": 0.0002682986772337777,
            "max": 0.0002682986772337777,
            "count": 1
        },
        "Car.Policy.LearningRate.sum": {
            "value": 0.0024146880951039997,
            "min": 0.0024146880951039997,
            "max": 0.0024146880951039997,
            "count": 1
        },
        "Car.Policy.Epsilon.mean": {
            "value": 0.1894328888888889,
            "min": 0.1894328888888889,
            "max": 0.1894328888888889,
            "count": 1
        },
        "Car.Policy.Epsilon.sum": {
            "value": 1.7048960000000002,
            "min": 1.7048960000000002,
            "max": 1.7048960000000002,
            "count": 1
        },
        "Car.Policy.Beta.mean": {
            "value": 0.0008953856,
            "min": 0.0008953856,
            "max": 0.0008953856,
            "count": 1
        },
        "Car.Policy.Beta.sum": {
            "value": 0.0080584704,
            "min": 0.0080584704,
            "max": 0.0080584704,
            "count": 1
        },
        "Car.IsTraining.mean": {
            "value": 1.0,
            "min": 1.0,
            "max": 1.0,
            "count": 1
        },
        "Car.IsTraining.sum": {
            "value": 1.0,
            "min": 1.0,
            "max": 1.0,
            "count": 1
        }
    },
    "metadata": {
        "timer_format_version": "0.1.0",
        "start_time_seconds": "1712912273",
        "python_version": "3.9.11 (main, Mar 30 2022, 02:45:55) [MSC v.1916 64 bit (AMD64)]",
        "command_line_arguments": "C:\\Users\\User\\miniconda3\\envs\\mlagents\\Scripts\\mlagents-learn Car.yaml --run-id=CarDrining26",
        "mlagents_version": "0.30.0",
        "mlagents_envs_version": "0.30.0",
        "communication_protocol_version": "1.5.0",
        "pytorch_version": "2.2.2+cpu",
        "numpy_version": "1.21.2",
        "end_time_seconds": "1712912407"
    },
    "total": 134.66180029999998,
    "count": 1,
    "self": 0.00331299999996304,
    "children": {
        "run_training.setup": {
            "total": 0.05503730000000018,
            "count": 1,
            "self": 0.05503730000000018
        },
        "TrainerController.start_learning": {
            "total": 134.60345,
            "count": 1,
            "self": 0.2505221000000688,
            "children": {
                "TrainerController._reset_env": {
                    "total": 8.1559859,
                    "count": 1,
                    "self": 8.1559859
                },
                "TrainerController.advance": {
                    "total": 126.13336189999995,
                    "count": 14521,
                    "self": 0.2358876999986137,
                    "children": {
                        "env_step": {
                            "total": 85.19995000000108,
                            "count": 14521,
                            "self": 62.3434979000019,
                            "children": {
                                "SubprocessEnvManager._take_step": {
                                    "total": 22.693536299999543,
                                    "count": 14521,
                                    "self": 0.7736010999992686,
                                    "children": {
                                        "TorchPolicy.evaluate": {
                                            "total": 21.919935200000275,
                                            "count": 14521,
                                            "self": 21.919935200000275
                                        }
                                    }
                                },
                                "workers": {
                                    "total": 0.1629157999996398,
                                    "count": 14520,
                                    "self": 0.0,
                                    "children": {
                                        "worker_root": {
                                            "total": 123.53793930000016,
                                            "count": 14520,
                                            "is_parallel": true,
                                            "self": 78.87400349999986,
                                            "children": {
                                                "steps_from_proto": {
                                                    "total": 0.00030140000000056233,
                                                    "count": 1,
                                                    "is_parallel": true,
                                                    "self": 0.00012390000000017665,