{
    "name": "root",
    "gauges": {
        "Car.Policy.Entropy.mean": {
            "value": 1.3554261922836304,
            "min": 1.3155546188354492,
            "max": 2.1970884799957275,
            "count": 100
        },
        "Car.Policy.Entropy.sum": {
            "value": 13784.6845703125,
            "min": 13063.45703125,
            "max": 25309.041015625,
            "count": 100
        },
        "Car.Step.mean": {
            "value": 999989.0,
            "min": 9970.0,
            "max": 999989.0,
            "count": 100
        },
        "Car.Step.sum": {
            "value": 999989.0,
            "min": 9970.0,
            "max": 999989.0,
            "count": 100
        },
        "Car.Policy.ExtrinsicValueEstimate.mean": {
            "value": 8.946721076965332,
            "min": -1.0938246250152588,
            "max": 9.820947647094727,
            "count": 100
        },
        "Car.Policy.ExtrinsicValueEstimate.sum": {
            "value": 1520.9425048828125,
            "min": -178.2934112548828,
            "max": 1610.6353759765625,
            "count": 100
        },
        "Car.Environment.EpisodeLength.mean": {
            "value": 577.5714285714286,
            "min": 276.6111111111111,
            "max": 599.0,
            "count": 100
        },
        "Car.Environment.EpisodeLength.sum": {
            "value": 12129.0,
            "min": 369.0,
            "max": 17499.0,
            "count": 100
        },
        "Car.Environment.CumulativeReward.mean": {
            "value": 62.075719401949925,
            "min": -20.99399870634079,
            "max": 76.35391441123052,
            "count": 100
        },
        "Car.Environment.CumulativeReward.sum": {
            "value": 1303.5901074409485,
            "min": -581.7319644093513,
            "max": 1680.2101177871227,
            "count": 100
        },
        "Car.Policy.ExtrinsicReward.mean": {
            "value": 62.075719401949925,
            "min": -20.99399870634079,
            "max": 76.35391441123052,
            "count": 100
        },
        "Car.Policy.ExtrinsicReward.sum": {
            "value": 1303.5901074409485,
            "min": -581.7319644093513,
            "max": 1680.2101177871227,
            "count": 100
        },
        "Car.IsTraining.mean": {
            "value": 1.0,
            "min": 1.0,
            "max": 1.0,
            "count": 100
        },
        "Car.IsTraining.sum": {
            "value": 1.0,
            "min": 1.0,
            "max": 1.0,
            "count": 100
        },
        "Car.Losses.PolicyLoss.mean": {
            "value": 0.026643692632205784,
            "min": 0.02078174422107016,
            "max": 0.02983090768296582,
            "count": 24
        },
        "Car.Losses.PolicyLoss.sum": {
            "value": 0.026643692632205784,
            "min": 0.02078174422107016,
            "max": 0.02983090768296582,
            "count": 24
        },
        "Car.Losses.ValueLoss.mean": {
            "value": 10.541710384686787,
            "min": 0.88231340944767,
            "max": 11.70230537255605,
            "count": 24
        },
        "Car.Losses.ValueLoss.sum": {
            "value": 10.541710384686787,
            "min": 0.88231340944767,
            "max": 11.70230537255605,
            "count": 24
        },
        "Car.Policy.LearningRate.mean": {
            "value": 4.342598552500005e-06,
            "min": 4.342598552500005e-06,
            "max": 0.00028752900415700007,
            "count": 24
        },
        "Car.Policy.LearningRate.sum": {
            "value": 4.342598552500005e-06,
            "min": 4.342598552500005e-06,
            "max": 0.00028752900415700007,
            "count": 24
        },
        "Car.Policy.Epsilon.mean": {
            "value": 0.10144749999999997,
            "min": 0.10144749999999997,
            "max": 0.19584300000000002,
            "count": 24
        },
        "Car.Policy.Epsilon.sum": {
            "value": 0.10144749999999997,
            "min": 0.10144749999999997,
            "max": 0.19584300000000002,
            "count": 24
        },
        "Car.Policy.Beta.mean": {
            "value": 2.4330250000000013e-05,
            "min": 2.4330250000000013e-05,
            "max": 0.0009588457000000004,
            "count": 24
        },
        "Car.Policy.Beta.sum": {
            "value": 2.4330250000000013e-05,
            "min": 2.4330250000000013e-05,
            "max": 0.0009588457000000004,
            "count": 24
        }
    },
    "metadata": {
        "timer_format_version": "0.1.0",
        "start_time_seconds": "1713069966",
        "python_version": "3.9.11 (main, Mar 30 2022, 02:45:55) [MSC v.1916 64 bit (AMD64)]",
        "command_line_arguments": "C:\\Users\\User\\miniconda3\\envs\\mlagents\\Scripts\\mlagents-learn Car.yaml --run-id=CarDriving112",
        "mlagents_version": "0.30.0",
        "mlagents_envs_version": "0.30.0",
        "communication_protocol_version": "1.5.0",
        "pytorch_version": "2.2.2+cpu",
        "numpy_version": "1.21.2",
        "end_time_seconds": "1713070667"
    },
    "total": 701.8200746,
    "count": 1,
    "self": 0.00756940000007944,
    "children": {
        "run_training.setup": {
            "total": 0.06769130000000012,
            "count": 1,
            "self": 0.06769130000000012
        },
        "TrainerController.start_learning": {
            "total": 701.7448138999999,
            "count": 1,
            "self": 0.7365521000107265,
            "children": {
                "TrainerController._reset_env": {
                    "total": 6.851564600000001,
                    "count": 1,
                    "self": 6.851564600000001
                },
                "TrainerController.advance": {
                    "total": 694.1166809999893,
                    "count": 34802,
                    "self": 0.7177532999918412,
                    "children": {
                        "env_step": {
                            "total": 386.7322881000019,
                            "count": 34802,
                            "self": 331.89327500000076,
                            "children": {
                                "SubprocessEnvManager._take_step": {
                                    "total": 54.39964790000473,
                                    "count": 34802,
                                    "self": 2.2743939000030196,
                                    "children": {
                                        "TorchPolicy.evaluate": {
                                            "total": 52.12525400000171,
                                            "count": 33366,
                                            "self": 52.12525400000171
                                        }
                                    }
                                },
                                "workers": {
                                    "total": 0.4393651999964039,
                                    "count": 34802,
                                    "self": 0.0,
                                    "children": {
                                        "worker_root": {
                                            "total": 694.8150408000021,
                                            "count": 34802,
                                            "is_parallel": true,
                                            "self": 422.0549787999977,
                                            "children": {
                                                "steps_from_proto": {
                                                    "total": 0.003483099999999517,
                                                    "count": 1,
                                                    "is_parallel": true,
                                                    "self": 0.0007464999999990951,