{
    "name": "root",
    "gauges": {
        "Car.Policy.Entropy.mean": {
            "value": 1.9232770204544067,
            "min": 1.921090006828308,
            "max": 2.1969263553619385,
            "count": 50
        },
        "Car.Policy.Entropy.sum": {
            "value": 19502.029296875,
            "min": 18788.259765625,
            "max": 24714.501953125,
            "count": 50
        },
        "Car.Environment.EpisodeLength.mean": {
            "value": 594.4615384615385,
            "min": 242.23529411764707,
            "max": 766.5714285714286,
            "count": 50
        },
        "Car.Environment.EpisodeLength.sum": {
            "value": 7728.0,
            "min": 4118.0,
            "max": 13508.0,
            "count": 50
        },
        "Car.Step.mean": {
            "value": 499993.0,
            "min": 9959.0,
            "max": 499993.0,
            "count": 50
        },
        "Car.Step.sum": {
            "value": 499993.0,
            "min": 9959.0,
            "max": 499993.0,
            "count": 50
        },
        "Car.Policy.ExtrinsicValueEstimate.mean": {
            "value": 0.6408644318580627,
            "min": -2.7431821823120117,
            "max": 0.7047175765037537,
            "count": 50
        },
        "Car.Policy.ExtrinsicValueEstimate.sum": {
            "value": 104.46089935302734,
            "min": -455.36822509765625,
            "max": 116.27839660644531,
            "count": 50
        },
        "Car.Environment.CumulativeReward.mean": {
            "value": 21.74077243759082,
            "min": -27.54788071443053,
            "max": 27.813861150826728,
            "count": 50
        },
        "Car.Environment.CumulativeReward.sum": {
            "value": 282.63004168868065,
            "min": -573.8319730460644,
            "max": 414.60806053876877,
            "count": 50
        },
        "Car.Policy.ExtrinsicReward.mean": {
            "value": 21.74077243759082,
            "min": -27.54788071443053,
            "max": 27.813861150826728,
            "count": 50
        },
        "Car.Policy.ExtrinsicReward.sum": {
            "value": 282.63004168868065,
            "min": -573.8319730460644,
            "max": 414.60806053876877,
            "count": 50
        },
        "Car.IsTraining.mean": {
            "value": 1.0,
            "min": 1.0,
            "max": 1.0,
            "count": 50
        },
        "Car.IsTraining.sum": {
            "value": 1.0,
            "min": 1.0,
            "max": 1.0,
            "count": 50
        },
        "Car.Losses.PolicyLoss.mean": {
            "value": 0.023887629579985515,
            "min": 0.02184421071627488,
            "max": 0.02826375506895905,
            "count": 12
        },
        "Car.Losses.PolicyLoss.sum": {
            "value": 0.023887629579985515,
            "min": 0.02184421071627488,
            "max": 0.02826375506895905,
            "count": 12
        },
        "Car.Losses.ValueLoss.mean": {
            "value": 7.390643858909607,
            "min": 1.8901271760463714,
            "max": 7.525338633855184,
            "count": 12
        },
        "Car.Losses.ValueLoss.sum": {
            "value": 7.390643858909607,
            "min": 1.8901271760463714,
            "max": 7.525338633855184,
            "count": 12
        },
        "Car.Policy.LearningRate.mean": {
            "value": 4.762898412400001e-06,
            "min": 4.762898412400001e-06,
            "max": 0.0002754198081934,
            "count": 12
        },
        "Car.Policy.LearningRate.sum": {
            "value": 4.762898412400001e-06,
            "min": 4.762898412400001e-06,
            "max": 0.0002754198081934,
            "count": 12
        },
        "Car.Policy.Epsilon.mean": {
            "value": 0.1015876,
            "min": 0.1015876,
            "max": 0.19180660000000002,
            "count": 12
        },
        "Car.Policy.Epsilon.sum": {
            "value": 0.1015876,
            "min": 0.1015876,
            "max": 0.19180660000000002,
            "count": 12
        },
        "Car.Policy.Beta.mean": {
            "value": 2.571723999999999e-05,
            "min": 2.571723999999999e-05,
            "max": 0.00091888534,
            "count": 12
        },
        "Car.Policy.Beta.sum": {
            "value": 2.571723999999999e-05,
            "min": 2.571723999999999e-05,
            "max": 0.00091888534,
            "count": 12
        }
    },
    "metadata": {
        "timer_format_version": "0.1.0",
        "start_time_seconds": "1713026472",
        "python_version": "3.9.11 (main, Mar 30 2022, 02:45:55) [MSC v.1916 64 bit (AMD64)]",
        "command_line_arguments": "C:\\Users\\User\\miniconda3\\envs\\mlagents\\Scripts\\mlagents-learn Car.yaml --run-id=CarDriving90",
        "mlagents_version": "0.30.0",
        "mlagents_envs_version": "0.30.0",
        "communication_protocol_version": "1.5.0",
        "pytorch_version": "2.2.2+cpu",
        "numpy_version": "1.21.2",
        "end_time_seconds": "1713026800"
    },
    "total": 327.7616997,
    "count": 1,
    "self": 0.008818099999984952,
    "children": {
        "run_training.setup": {
            "total": 0.08090759999999997,
            "count": 1,
            "self": 0.08090759999999997
        },
        "TrainerController.start_learning": {
            "total": 327.67197400000003,
            "count": 1,
            "self": 0.3743918999994662,
            "children": {
                "TrainerController._reset_env": {
                    "total": 6.5269691000000005,
                    "count": 1,
                    "self": 6.5269691000000005
                },
                "TrainerController.advance": {
                    "total": 320.6974641000006,
                    "count": 17387,
                    "self": 0.3358937000025435,
                    "children": {
                        "env_step": {
                            "total": 156.7908176000003,
                            "count": 17387,
                            "self": 127.57155209999956,
                            "children": {
                                "SubprocessEnvManager._take_step": {
                                    "total": 28.99122790000095,
                                    "count": 17387,
                                    "self": 1.1953075999973564,
                                    "children": {
                                        "TorchPolicy.evaluate": {
                                            "total": 27.795920300003594,
                                            "count": 16698,
                                            "self": 27.795920300003594
                                        }
                                    }
                                },
                                "workers": {
                                    "total": 0.22803759999979079,
                                    "count": 17387,
                                    "self": 0.0,
                                    "children": {
                                        "worker_root": {
                                            "total": 321.118361000004,
                                            "count": 17387,
                                            "is_parallel": true,
                                            "self": 225.00772070000374,
                                            "children": {
                                                "steps_from_proto": {
                                                    "total": 0.0007887000000001976,
                                                    "count": 1,
                                                    "is_parallel": true,
                                                    "self": 0.0001826999999989809,