{
    "name": "root",
    "gauges": {
        "Car.Policy.Entropy.mean": {
            "value": 1.3711812496185303,
            "min": 1.3600633144378662,
            "max": 2.196805000305176,
            "count": 50
        },
        "Car.Policy.Entropy.sum": {
            "value": 13822.8779296875,
            "min": 13557.3740234375,
            "max": 22706.17578125,
            "count": 50
        },
        "Car.Step.mean": {
            "value": 499991.0,
            "min": 9952.0,
            "max": 499991.0,
            "count": 50
        },
        "Car.Step.sum": {
            "value": 499991.0,
            "min": 9952.0,
            "max": 499991.0,
            "count": 50
        },
        "Car.Policy.ExtrinsicValueEstimate.mean": {
            "value": 8.16568374633789,
            "min": -0.4876819849014282,
            "max": 8.16568374633789,
            "count": 50
        },
        "Car.Policy.ExtrinsicValueEstimate.sum": {
            "value": 1518.8172607421875,
            "min": -79.97984313964844,
            "max": 1518.8172607421875,
            "count": 50
        },
        "Car.Environment.EpisodeLength.mean": {
            "value": 109.78888888888889,
            "min": 107.65555555555555,
            "max": 239.0,
            "count": 50
        },
        "Car.Environment.EpisodeLength.sum": {
            "value": 9881.0,
            "min": 8119.0,
            "max": 12189.0,
            "count": 50
        },
        "Car.Environment.CumulativeReward.mean": {
            "value": 18.71868976222144,
            "min": -4.257142648810432,
            "max": 18.917845311429765,
            "count": 50
        },
        "Car.Environment.CumulativeReward.sum": {
            "value": 1684.6820785999298,
            "min": -178.79999125003815,
            "max": 1745.356070190668,
            "count": 50
        },
        "Car.Policy.ExtrinsicReward.mean": {
            "value": 18.71868976222144,
            "min": -4.257142648810432,
            "max": 18.917845311429765,
            "count": 50
        },
        "Car.Policy.ExtrinsicReward.sum": {
            "value": 1684.6820785999298,
            "min": -178.79999125003815,
            "max": 1745.356070190668,
            "count": 50
        },
        "Car.IsTraining.mean": {
            "value": 1.0,
            "min": 1.0,
            "max": 1.0,
            "count": 50
        },
        "Car.IsTraining.sum": {
            "value": 1.0,
            "min": 1.0,
            "max": 1.0,
            "count": 50
        },
        "Car.Losses.PolicyLoss.mean": {
            "value": 0.03843969504038493,
            "min": 0.030998701105515163,
            "max": 0.04060646660845515,
            "count": 24
        },
        "Car.Losses.PolicyLoss.sum": {
            "value": 0.03843969504038493,
            "min": 0.030998701105515163,
            "max": 0.04060646660845515,
            "count": 24
        },
        "Car.Losses.ValueLoss.mean": {
            "value": 8.212738553682962,
            "min": 0.3310911848050792,
            "max": 8.224347464243571,
            "count": 24
        },
        "Car.Losses.ValueLoss.sum": {
            "value": 8.212738553682962,
            "min": 0.3310911848050792,
            "max": 8.224347464243571,
            "count": 24
        },
        "Car.Policy.LearningRate.mean": {
            "value": 1.743099418999994e-06,
            "min": 1.743099418999994e-06,
            "max": 0.00028710720429760004,
            "count": 24
        },
        "Car.Policy.LearningRate.sum": {
            "value": 1.743099418999994e-06,
            "min": 1.743099418999994e-06,
            "max": 0.00028710720429760004,
            "count": 24
        },
        "Car.Policy.Epsilon.mean": {
            "value": 0.10058100000000002,
            "min": 0.10058100000000002,
            "max": 0.19570239999999997,
            "count": 24
        },
        "Car.Policy.Epsilon.sum": {
            "value": 0.10058100000000002,
            "min": 0.10058100000000002,
            "max": 0.19570239999999997,
            "count": 24
        },
        "Car.Policy.Beta.mean": {
            "value": 1.575189999999998e-05,
            "min": 1.575189999999998e-05,
            "max": 0.0009574537600000006,
            "count": 24
        },
        "Car.Policy.Beta.sum": {
            "value": 1.575189999999998e-05,
            "min": 1.575189999999998e-05,
            "max": 0.0009574537600000006,
            "count": 24
        }
    },
    "metadata": {
        "timer_format_version": "0.1.0",
        "start_time_seconds": "1712919794",
        "python_version": "3.9.11 (main, Mar 30 2022, 02:45:55) [MSC v.1916 64 bit (AMD64)]",
        "command_line_arguments": "C:\\Users\\User\\miniconda3\\envs\\mlagents\\Scripts\\mlagents-learn Car.yaml --run-id=CarDrining40",
        "mlagents_version": "0.30.0",
        "mlagents_envs_version": "0.30.0",
        "communication_protocol_version": "1.5.0",
        "pytorch_version": "2.2.2+cpu",
        "numpy_version": "1.21.2",
        "end_time_seconds": "1712920204"
    },
    "total": 409.8071228,
    "count": 1,
    "self": 0.007860399999970014,
    "children": {
        "run_training.setup": {
            "total": 0.060636899999999994,
            "count": 1,
            "self": 0.060636899999999994
        },
        "TrainerController.start_learning": {
            "total": 409.7386255,
            "count": 1,
            "self": 0.5942348999974456,
            "children": {
                "TrainerController._reset_env": {
                    "total": 8.1253879,
                    "count": 1,
                    "self": 8.1253879
                },
                "TrainerController.advance": {
                    "total": 400.98021620000253,
                    "count": 31588,
                    "self": 0.5624378000022148,
                    "children": {
                        "env_step": {
                            "total": 231.98387969999862,
                            "count": 31588,
                            "self": 184.07087130000022,
                            "children": {
                                "SubprocessEnvManager._take_step": {
                                    "total": 47.52565030000173,
                                    "count": 31588,
                                    "self": 1.874049100000704,
                                    "children": {
                                        "TorchPolicy.evaluate": {
                                            "total": 45.651601200001025,
                                            "count": 29442,
                                            "self": 45.651601200001025
                                        }
                                    }
                                },
                                "workers": {
                                    "total": 0.38735809999667126,
                                    "count": 31588,
                                    "self": 0.0,
                                    "children": {
                                        "worker_root": {
                                            "total": 401.31785270000154,
                                            "count": 31588,
                                            "is_parallel": true,
                                            "self": 257.9739426999986,
                                            "children": {
                                                "steps_from_proto": {
                                                    "total": 0.0003604999999993197,
                                                    "count": 1,
                                                    "is_parallel": true,
                                                    "self": 0.00012699999999998823,