{
    "name": "root",
    "gauges": {
        "Car.Policy.Entropy.mean": {
            "value": 2.115506649017334,
            "min": 2.115506649017334,
            "max": 2.115506649017334,
            "count": 1
        },
        "Car.Policy.Entropy.sum": {
            "value": 212295.3125,
            "min": 212295.3125,
            "max": 212295.3125,
            "count": 1
        },
        "Car.Step.mean": {
            "value": 99968.0,
            "min": 99968.0,
            "max": 99968.0,
            "count": 1
        },
        "Car.Step.sum": {
            "value": 99968.0,
            "min": 99968.0,
            "max": 99968.0,
            "count": 1
        },
        "Car.Policy.ExtrinsicValueEstimate.mean": {
            "value": -1.0660490989685059,
            "min": -1.0660490989685059,
            "max": -1.0660490989685059,
            "count": 1
        },
        "Car.Policy.ExtrinsicValueEstimate.sum": {
            "value": -1776.037841796875,
            "min": -1776.037841796875,
            "max": -1776.037841796875,
            "count": 1
        },
        "Car.Environment.EpisodeLength.mean": {
            "value": 239.0,
            "min": 239.0,
            "max": 239.0,
            "count": 1
        },
        "Car.Environment.EpisodeLength.sum": {
            "value": 99424.0,
            "min": 99424.0,
            "max": 99424.0,
            "count": 1
        },
        "Car.Environment.CumulativeReward.mean": {
            "value": -4.455288455391733,
            "min": -4.455288455391733,
            "max": -4.455288455391733,
            "count": 1
        },
        "Car.Environment.CumulativeReward.sum": {
            "value": -1853.3999974429607,
            "min": -1853.3999974429607,
            "max": -1853.3999974429607,
            "count": 1
        },
        "Car.Policy.ExtrinsicReward.mean": {
            "value": -4.455288455391733,
            "min": -4.455288455391733,
            "max": -4.455288455391733,
            "count": 1
        },
        "Car.Policy.ExtrinsicReward.sum": {
            "value": -1853.3999974429607,
            "min": -1853.3999974429607,
            "max": -1853.3999974429607,
            "count": 1
        },
        "Car.Losses.PolicyLoss.mean": {
            "value": 0.049159065909454874,
            "min": 0.049159065909454874,
            "max": 0.049159065909454874,
            "count": 1
        },
        "Car.Losses.PolicyLoss.sum": {
            "value": 0.44243159318509384,
            "min": 0.44243159318509384,
            "max": 0.44243159318509384,
            "count": 1
        },
        "Car.Losses.ValueLoss.mean": {
            "value": 0.18322288568023098,
            "min": 0.18322288568023098,
            "max": 0.18322288568023098,
            "count": 1
        },
        "Car.Losses.ValueLoss.sum": {
            "value": 1.6490059711220788,
            "min": 1.6490059711220788,
            "max": 1.6490059711220788,
            "count": 1
        },
        "Car.Policy.LearningRate.mean": {
            "value": 0.0002682986772337777,
            "min": 0.0002682986772337777,
            "max": 0.0002682986772337777,
            "count": 1
        },
        "Car.Policy.LearningRate.sum": {
            "value": 0.0024146880951039997,
            "min": 0.0024146880951039997,
            "max": 0.0024146880951039997,
            "count": 1
        },
        "Car.Policy.Epsilon.mean": {
            "value": 0.1894328888888889,
            "min": 0.1894328888888889,
            "max": 0.1894328888888889,
            "count": 1
        },
        "Car.Policy.Epsilon.sum": {
            "value": 1.7048960000000002,
            "min": 1.7048960000000002,
            "max": 1.7048960000000002,
            "count": 1
        },
        "Car.Policy.Beta.mean": {
            "value": 0.0008953856,
            "min": 0.0008953856,
            "max": 0.0008953856,
            "count": 1
        },
        "Car.Policy.Beta.sum": {
            "value": 0.0080584704,
            "min": 0.0080584704,
            "max": 0.0080584704,
            "count": 1
        },
        "Car.IsTraining.mean": {
            "value": 1.0,
            "min": 1.0,
            "max": 1.0,
            "count": 1
        },
        "Car.IsTraining.sum": {
            "value": 1.0,
            "min": 1.0,
            "max": 1.0,
            "count": 1
        }
    },
    "metadata": {
        "timer_format_version": "0.1.0",
        "start_time_seconds": "1712911994",
        "python_version": "3.9.11 (main, Mar 30 2022, 02:45:55) [MSC v.1916 64 bit (AMD64)]",
        "command_line_arguments": "C:\\Users\\User\\miniconda3\\envs\\mlagents\\Scripts\\mlagents-learn Car.yaml --run-id=CarDrining24",
        "mlagents_version": "0.30.0",
        "mlagents_envs_version": "0.30.0",
        "communication_protocol_version": "1.5.0",
        "pytorch_version": "2.2.2+cpu",
        "numpy_version": "1.21.2",
        "end_time_seconds": "1712912193"
    },
    "total": 199.4939048,
    "count": 1,
    "self": 0.0032620000000065374,
    "children": {
        "run_training.setup": {
            "total": 0.05576559999999997,
            "count": 1,
            "self": 0.05576559999999997
        },
        "TrainerController.start_learning": {
            "total": 199.4348772,
            "count": 1,
            "self": 0.298718900000722,
            "children": {
                "TrainerController._reset_env": {
                    "total": 6.3412414,
                    "count": 1,
                    "self": 6.3412414
                },
                "TrainerController.advance": {
                    "total": 192.73406149999929,
                    "count": 17391,
                    "self": 0.28634469999997236,
                    "children": {
                        "env_step": {
                            "total": 140.35886809999988,
                            "count": 17391,
                            "self": 113.10231869999942,
                            "children": {
                                "SubprocessEnvManager._take_step": {
                                    "total": 27.0607209999999,
                                    "count": 17391,
                                    "self": 0.9199599999996764,
                                    "children": {
                                        "TorchPolicy.evaluate": {
                                            "total": 26.140761000000225,
                                            "count": 17391,
                                            "self": 26.140761000000225
                                        }
                                    }
                                },
                                "workers": {
                                    "total": 0.1958284000005719,
                                    "count": 17390,
                                    "self": 0.0,
                                    "children": {
                                        "worker_root": {
                                            "total": 188.77872480000022,
                                            "count": 17390,
                                            "is_parallel": true,
                                            "self": 97.48035610000004,
                                            "children": {
                                                "steps_from_proto": {
                                                    "total": 0.0003305999999998477,
                                                    "count": 1,
                                                    "is_parallel": true,
                                                    "self": 0.0001446999999989984,