{
    "name": "root",
    "metadata": {
        "timer_format_version": "0.1.0",
        "start_time_seconds": "1712910778",
        "python_version": "3.9.11 (main, Mar 30 2022, 02:45:55) [MSC v.1916 64 bit (AMD64)]",
        "command_line_arguments": "C:\\Users\\User\\miniconda3\\envs\\mlagents\\Scripts\\mlagents-learn Car.yaml --run-id=CarDrining21",
        "mlagents_version": "0.30.0",
        "mlagents_envs_version": "0.30.0",
        "communication_protocol_version": "1.5.0",
        "pytorch_version": "2.2.2+cpu",
        "numpy_version": "1.21.2",
        "end_time_seconds": "1712910810"
    },
    "total": 31.9285593,
    "count": 1,
    "self": 0.003453400000005047,
    "children": {
        "run_training.setup": {
            "total": 0.0646355999999999,
            "count": 1,
            "self": 0.0646355999999999
        },
        "TrainerController.start_learning": {
            "total": 31.860470299999996,
            "count": 1,
            "self": 0.039306399999990305,
            "children": {
                "TrainerController._reset_env": {
                    "total": 5.8698202,
                    "count": 1,
                    "self": 5.8698202
                },
                "TrainerController.advance": {
                    "total": 25.89194000000001,
                    "count": 2337,
                    "self": 0.0414297000000623,
                    "children": {
                        "env_step": {
                            "total": 21.310675500000045,
                            "count": 2337,
                            "self": 17.671129700000055,
                            "children": {
                                "SubprocessEnvManager._take_step": {
                                    "total": 3.613439000000029,
                                    "count": 2337,
                                    "self": 0.12407110000009514,
                                    "children": {
                                        "TorchPolicy.evaluate": {
                                            "total": 3.489367899999934,
                                            "count": 2337,
                                            "self": 3.489367899999934
                                        }
                                    }
                                },
                                "workers": {
                                    "total": 0.026106799999961794,
                                    "count": 2336,
                                    "self": 0.0,
                                    "children": {
                                        "worker_root": {
                                            "total": 22.9150524,
                                            "count": 2336,
                                            "is_parallel": true,
                                            "self": 11.057930000000063,
                                            "children": {
                                                "steps_from_proto": {
                                                    "total": 0.000454699999999697,
                                                    "count": 1,
                                                    "is_parallel": true,
                                                    "self": 0.0001653999999993161,
                                                    "children": {
                                                        "_process_rank_one_or_two_observation": {
                                                            "total": 0.0002893000000003809,
                                                            "count": 4,
                                                            "is_parallel": true,
                                                            "self": 0.0002893000000003809
                                                        }
                                                    }
                                                },
                                                "UnityEnvironment.step": {
                                                    "total": 11.856667699999939,
                                                    "count": 2336,
                                                    "is_parallel": true,
                                                    "self": 0.23453070000000764,
                                                    "children": {
                                                        "UnityEnvironment._generate_step_input": {
                                                            "total": 0.351704799999891,
                                                            "count": 2336,
                                                            "is_parallel": true,
                                                            "self": 0.351704799999891
                                                        },
                                                        "communicator.exchange": {
                                                            "total": 10.443616400000073,
                                                            "count": 2336,
                                                            "is_parallel": true,
                                                            "self": 10.443616400000073
                                                        },
                                                        "steps_from_proto": {
                                                            "total": 0.8268157999999666,
                                                            "count": 2336,
                                                            "is_parallel": true,
                                                            "self": 0.38271549999997845,
                                                            "children": {
                                                                "_process_rank_one_or_two_observation": {
                                                                    "total": 0.4441002999999881,
                                                                    "count": 9344,
                                                                    "is_parallel": true,
                                                                    "self": 0.4441002999999881
                                                                }
                                                            }
                                                        }
                                                    }
                                                }
                                            }
                                        }
                                    }
                                }
                            }
                        },
                        "trainer_advance": {
                            "total": 4.539834799999903,
                            "count": 2336,
                            "self": 0.045205699999919524,
                            "children": {
                                "process_trajectory": {
                                    "total": 1.3238611999999819,
                                    "count": 2336,
                                    "self": 1.3238611999999819
                                },
                                "_update_policy": {
                                    "total": 3.1707679000000013,
                                    "count": 1,
                                    "self": 1.8822834999999856,
                                    "children": {
                                        "TorchPPOOptimizer.update": {
                                            "total": 1.2884844000000157,
                                            "count": 123,