{
    "name": "root",
    "gauges": {
        "Car.Policy.Entropy.mean": {
            "value": 1.4567070007324219,
            "min": 1.4567070007324219,
            "max": 2.1970996856689453,
            "count": 50
        },
        "Car.Policy.Entropy.sum": {
            "value": 15615.8984375,
            "min": 13924.81640625,
            "max": 23552.87890625,
            "count": 50
        },
        "Car.Step.mean": {
            "value": 499936.0,
            "min": 9984.0,
            "max": 499936.0,
            "count": 50
        },
        "Car.Step.sum": {
            "value": 499936.0,
            "min": 9984.0,
            "max": 499936.0,
            "count": 50
        },
        "Car.Policy.ExtrinsicValueEstimate.mean": {
            "value": 3.6161062717437744,
            "min": -0.7439370155334473,
            "max": 3.6161062717437744,
            "count": 50
        },
        "Car.Policy.ExtrinsicValueEstimate.sum": {
            "value": 607.505859375,
            "min": -118.37384033203125,
            "max": 607.74853515625,
            "count": 50
        },
        "Car.IsTraining.mean": {
            "value": 1.0,
            "min": 1.0,
            "max": 1.0,
            "count": 50
        },
        "Car.IsTraining.sum": {
            "value": 1.0,
            "min": 1.0,
            "max": 1.0,
            "count": 50
        },
        "Car.Environment.EpisodeLength.mean": {
            "value": 599.0,
            "min": 599.0,
            "max": 599.0,
            "count": 41
        },
        "Car.Environment.EpisodeLength.sum": {
            "value": 11980.0,
            "min": 11980.0,
            "max": 11980.0,
            "count": 41
        },
        "Car.Environment.CumulativeReward.mean": {
            "value": 29.750002035498618,
            "min": -16.19999894052744,
            "max": 74.00000417232513,
            "count": 49
        },
        "Car.Environment.CumulativeReward.sum": {
            "value": 595.0000407099724,
            "min": -323.9999788105488,
            "max": 690.0000395476818,
            "count": 49
        },
        "Car.Policy.ExtrinsicReward.mean": {
            "value": 29.750002035498618,
            "min": -16.19999894052744,
            "max": 74.00000417232513,
            "count": 49
        },
        "Car.Policy.ExtrinsicReward.sum": {
            "value": 595.0000407099724,
            "min": -323.9999788105488,
            "max": 690.0000395476818,
            "count": 49
        },
        "Car.Losses.PolicyLoss.mean": {
            "value": 0.03234314615256153,
            "min": 0.031069840467345667,
            "max": 0.03899384626921842,
            "count": 23
        },
        "Car.Losses.PolicyLoss.sum": {
            "value": 0.03234314615256153,
            "min": 0.031069840467345667,
            "max": 0.03899384626921842,
            "count": 23
        },
        "Car.Losses.ValueLoss.mean": {
            "value": 5.437118273973465,
            "min": 0.27868868298828603,
            "max": 6.025419242982942,
            "count": 23
        },
        "Car.Losses.ValueLoss.sum": {
            "value": 5.437118273973465,
            "min": 0.27868868298828603,
            "max": 6.025419242982942,
            "count": 23
        },
        "Car.Policy.LearningRate.mean": {
            "value": 5.856098047999995e-06,
            "min": 5.856098047999995e-06,
            "max": 0.000287424004192,
            "count": 23
        },
        "Car.Policy.LearningRate.sum": {
            "value": 5.856098047999995e-06,
            "min": 5.856098047999995e-06,
            "max": 0.000287424004192,
            "count": 23
        },
        "Car.Policy.Epsilon.mean": {
            "value": 0.10195200000000003,
            "min": 0.10195200000000003,
            "max": 0.195808,
            "count": 23
        },
        "Car.Policy.Epsilon.sum": {
            "value": 0.10195200000000003,
            "min": 0.10195200000000003,
            "max": 0.195808,
            "count": 23
        },
        "Car.Policy.Beta.mean": {
            "value": 2.9324799999999994e-05,
            "min": 2.9324799999999994e-05,
            "max": 0.0009584992000000003,
            "count": 23
        },
        "Car.Policy.Beta.sum": {
            "value": 2.9324799999999994e-05,
            "min": 2.9324799999999994e-05,
            "max": 0.0009584992000000003,
            "count": 23
        }
    },
    "metadata": {
        "timer_format_version": "0.1.0",
        "start_time_seconds": "1712988815",
        "python_version": "3.9.11 (main, Mar 30 2022, 02:45:55) [MSC v.1916 64 bit (AMD64)]",
        "command_line_arguments": "C:\\Users\\User\\miniconda3\\envs\\mlagents\\Scripts\\mlagents-learn Car.yaml --run-id=CarDrining55",
        "mlagents_version": "0.30.0",
        "mlagents_envs_version": "0.30.0",
        "communication_protocol_version": "1.5.0",
        "pytorch_version": "2.2.2+cpu",
        "numpy_version": "1.21.2",
        "end_time_seconds": "1712989192"
    },
    "total": 377.38771829999996,
    "count": 1,
    "self": 0.00872089999995751,
    "children": {
        "run_training.setup": {
            "total": 0.06178400000000006,
            "count": 1,
            "self": 0.06178400000000006
        },
        "TrainerController.start_learning": {
            "total": 377.3172134,
            "count": 1,
            "self": 0.4534233000035215,
            "children": {
                "TrainerController._reset_env": {
                    "total": 6.4738453,
                    "count": 1,
                    "self": 6.4738453
                },
                "TrainerController.advance": {
                    "total": 370.3190158999965,
                    "count": 25048,
                    "self": 0.4595257999986302,
                    "children": {
                        "env_step": {
                            "total": 207.05973099999827,
                            "count": 25048,
                            "self": 162.98992799999633,
                            "children": {
                                "SubprocessEnvManager._take_step": {
                                    "total": 43.77755499999989,
                                    "count": 25048,
                                    "self": 1.5018307999982667,
                                    "children": {
                                        "TorchPolicy.evaluate": {
                                            "total": 42.275724200001626,
                                            "count": 25048,
                                            "self": 42.275724200001626
                                        }
                                    }
                                },
                                "workers": {
                                    "total": 0.2922480000020524,
                                    "count": 25048,
                                    "self": 0.0,
                                    "children": {
                                        "worker_root": {
                                            "total": 370.56893879999825,
                                            "count": 25048,
                                            "is_parallel": true,
                                            "self": 243.05792160000027,
                                            "children": {
                                                "steps_from_proto": {
                                                    "total": 0.00038610000000005584,
                                                    "count": 1,
                                                    "is_parallel": true,
                                                    "self": 0.00013649999999998386,