{
    "name": "root",
    "gauges": {
        "Car.Policy.Entropy.mean": {
            "value": 1.9960707426071167,
            "min": 1.9960707426071167,
            "max": 2.1970267295837402,
            "count": 18
        },
        "Car.Policy.Entropy.sum": {
            "value": 20000.62890625,
            "min": 20000.62890625,
            "max": 23793.689453125,
            "count": 18
        },
        "Car.Environment.EpisodeLength.mean": {
            "value": 264.6666666666667,
            "min": 65.63265306122449,
            "max": 264.6666666666667,
            "count": 18
        },
        "Car.Environment.EpisodeLength.sum": {
            "value": 11116.0,
            "min": 6375.0,
            "max": 11116.0,
            "count": 18
        },
        "Car.Step.mean": {
            "value": 179986.0,
            "min": 9976.0,
            "max": 179986.0,
            "count": 18
        },
        "Car.Step.sum": {
            "value": 179986.0,
            "min": 9976.0,
            "max": 179986.0,
            "count": 18
        },
        "Car.Policy.ExtrinsicValueEstimate.mean": {
            "value": -0.3746189475059509,
            "min": -1.1363306045532227,
            "max": 0.17417320609092712,
            "count": 18
        },
        "Car.Policy.ExtrinsicValueEstimate.sum": {
            "value": -67.05679321289062,
            "min": -220.55966186523438,
            "max": 36.22802734375,
            "count": 18
        },
        "Car.Environment.CumulativeReward.mean": {
            "value": 8.529708575911638,
            "min": -3.785857000521251,
            "max": 8.529708575911638,
            "count": 18
        },
        "Car.Environment.CumulativeReward.sum": {
            "value": 349.71805161237717,
            "min": -556.5209790766239,
            "max": 349.71805161237717,
            "count": 18
        },
        "Car.Policy.ExtrinsicReward.mean": {
            "value": 8.529708575911638,
            "min": -3.785857000521251,
            "max": 8.529708575911638,
            "count": 18
        },
        "Car.Policy.ExtrinsicReward.sum": {
            "value": 349.71805161237717,
            "min": -556.5209790766239,
            "max": 349.71805161237717,
            "count": 18
        },
        "Car.IsTraining.mean": {
            "value": 1.0,
            "min": 1.0,
            "max": 1.0,
            "count": 18
        },
        "Car.IsTraining.sum": {
            "value": 1.0,
            "min": 1.0,
            "max": 1.0,
            "count": 18
        },
        "Car.Losses.PolicyLoss.mean": {
            "value": 0.025698891448943564,
            "min": 0.0243706204656822,
            "max": 0.02719748152497535,
            "count": 4
        },
        "Car.Losses.PolicyLoss.sum": {
            "value": 0.025698891448943564,
            "min": 0.0243706204656822,
            "max": 0.02719748152497535,
            "count": 4
        },
        "Car.Losses.ValueLoss.mean": {
            "value": 1.2093529085318246,
            "min": 1.2093529085318246,
            "max": 2.9103547314802807,
            "count": 4
        },
        "Car.Losses.ValueLoss.sum": {
            "value": 1.2093529085318246,
            "min": 1.2093529085318246,
            "max": 2.9103547314802807,
            "count": 4
        },
        "Car.Policy.LearningRate.mean": {
            "value": 0.0002016462327846,
            "min": 0.0002016462327846,
            "max": 0.0002754198081934,
            "count": 4
        },
        "Car.Policy.LearningRate.sum": {
            "value": 0.0002016462327846,
            "min": 0.0002016462327846,
            "max": 0.0002754198081934,
            "count": 4
        },
        "Car.Policy.Epsilon.mean": {
            "value": 0.16721539999999996,
            "min": 0.16721539999999996,
            "max": 0.19180660000000002,
            "count": 4
        },
        "Car.Policy.Epsilon.sum": {
            "value": 0.16721539999999996,
            "min": 0.16721539999999996,
            "max": 0.19180660000000002,
            "count": 4
        },
        "Car.Policy.Beta.mean": {
            "value": 0.0006754324599999999,
            "min": 0.0006754324599999999,
            "max": 0.00091888534,
            "count": 4
        },
        "Car.Policy.Beta.sum": {
            "value": 0.0006754324599999999,
            "min": 0.0006754324599999999,
            "max": 0.00091888534,
            "count": 4
        }
    },
    "metadata": {
        "timer_format_version": "0.1.0",
        "start_time_seconds": "1713112296",
        "python_version": "3.9.11 (main, Mar 30 2022, 02:45:55) [MSC v.1916 64 bit (AMD64)]",
        "command_line_arguments": "C:\\Users\\User\\miniconda3\\envs\\mlagents\\Scripts\\mlagents-learn Car.yaml --run-id=CarDriving123",
        "mlagents_version": "0.30.0",
        "mlagents_envs_version": "0.30.0",
        "communication_protocol_version": "1.5.0",
        "pytorch_version": "2.2.2+cpu",
        "numpy_version": "1.21.2",
        "end_time_seconds": "1713112436"
    },
    "total": 140.4856843,
    "count": 1,
    "self": 0.009942100000017717,
    "children": {
        "run_training.setup": {
            "total": 0.07133370000000006,
            "count": 1,
            "self": 0.07133370000000006
        },
        "TrainerController.start_learning": {
            "total": 140.4044085,
            "count": 1,
            "self": 0.1631857999995816,
            "children": {
                "TrainerController._reset_env": {
                    "total": 6.192656,
                    "count": 1,
                    "self": 6.192656
                },
                "TrainerController.advance": {
                    "total": 133.9068767000004,
                    "count": 7436,
                    "self": 0.15540720000058172,
                    "children": {
                        "env_step": {
                            "total": 70.45355899999956,
                            "count": 7436,
                            "self": 58.61112929999887,
                            "children": {
                                "SubprocessEnvManager._take_step": {
                                    "total": 11.745471000000101,
                                    "count": 7436,
                                    "self": 0.5269723000008355,
                                    "children": {
                                        "TorchPolicy.evaluate": {
                                            "total": 11.218498699999266,
                                            "count": 6217,
                                            "self": 11.218498699999266
                                        }
                                    }
                                },
                                "workers": {
                                    "total": 0.09695870000058449,
                                    "count": 7435,
                                    "self": 0.0,
                                    "children": {
                                        "worker_root": {
                                            "total": 130.82664050000045,
                                            "count": 7435,
                                            "is_parallel": true,
                                            "self": 89.62753170000082,
                                            "children": {
                                                "steps_from_proto": {
                                                    "total": 0.0005138000000002307,
                                                    "count": 1,
                                                    "is_parallel": true,
                                                    "self": 0.00015700000000062886,