{
    "name": "root",
    "gauges": {
        "Car.Policy.Entropy.mean": {
            "value": 1.4982744455337524,
            "min": 1.4982744455337524,
            "max": 2.1970601081848145,
            "count": 50
        },
        "Car.Policy.Entropy.sum": {
            "value": 15012.7099609375,
            "min": 14950.703125,
            "max": 23200.90625,
            "count": 50
        },
        "Car.Step.mean": {
            "value": 499999.0,
            "min": 9987.0,
            "max": 499999.0,
            "count": 50
        },
        "Car.Step.sum": {
            "value": 499999.0,
            "min": 9987.0,
            "max": 499999.0,
            "count": 50
        },
        "Car.Policy.ExtrinsicValueEstimate.mean": {
            "value": 8.420538902282715,
            "min": -1.9102829694747925,
            "max": 8.528180122375488,
            "count": 50
        },
        "Car.Policy.ExtrinsicValueEstimate.sum": {
            "value": 1482.014892578125,
            "min": -336.2098083496094,
            "max": 1482.014892578125,
            "count": 50
        },
        "Car.Environment.EpisodeLength.mean": {
            "value": 397.96153846153845,
            "min": 313.5652173913044,
            "max": 397.96153846153845,
            "count": 50
        },
        "Car.Environment.EpisodeLength.sum": {
            "value": 10347.0,
            "min": 7212.0,
            "max": 11899.0,
            "count": 50
        },
        "Car.Environment.CumulativeReward.mean": {
            "value": 39.937003513368275,
            "min": -13.88125854951364,
            "max": 42.68641685565998,
            "count": 50
        },
        "Car.Environment.CumulativeReward.sum": {
            "value": 1038.3620913475752,
            "min": -385.3599726706743,
            "max": 1237.9060888141394,
            "count": 50
        },
        "Car.Policy.ExtrinsicReward.mean": {
            "value": 39.937003513368275,
            "min": -13.88125854951364,
            "max": 42.68641685565998,
            "count": 50
        },
        "Car.Policy.ExtrinsicReward.sum": {
            "value": 1038.3620913475752,
            "min": -385.3599726706743,
            "max": 1237.9060888141394,
            "count": 50
        },
        "Car.IsTraining.mean": {
            "value": 1.0,
            "min": 1.0,
            "max": 1.0,
            "count": 50
        },
        "Car.IsTraining.sum": {
            "value": 1.0,
            "min": 1.0,
            "max": 1.0,
            "count": 50
        },
        "Car.Losses.PolicyLoss.mean": {
            "value": 0.03680309712848005,
            "min": 0.028922389488434418,
            "max": 0.04032133336489399,
            "count": 24
        },
        "Car.Losses.PolicyLoss.sum": {
            "value": 0.03680309712848005,
            "min": 0.028922389488434418,
            "max": 0.04032133336489399,
            "count": 24
        },
        "Car.Losses.ValueLoss.mean": {
            "value": 12.40848114490509,
            "min": 1.4220629245042802,
            "max": 15.879649591445922,
            "count": 24
        },
        "Car.Losses.ValueLoss.sum": {
            "value": 12.40848114490509,
            "min": 1.4220629245042802,
            "max": 15.879649591445922,
            "count": 24
        },
        "Car.Policy.LearningRate.mean": {
            "value": 4.467698510800005e-06,
            "min": 4.467698510800005e-06,
            "max": 0.0002876214041261999,
            "count": 24
        },
        "Car.Policy.LearningRate.sum": {
            "value": 4.467698510800005e-06,
            "min": 4.467698510800005e-06,
            "max": 0.0002876214041261999,
            "count": 24
        },
        "Car.Policy.Epsilon.mean": {
            "value": 0.10148920000000004,
            "min": 0.10148920000000004,
            "max": 0.19587380000000007,
            "count": 24
        },
        "Car.Policy.Epsilon.sum": {
            "value": 0.10148920000000004,
            "min": 0.10148920000000004,
            "max": 0.19587380000000007,
            "count": 24
        },
        "Car.Policy.Beta.mean": {
            "value": 2.4743080000000023e-05,
            "min": 2.4743080000000023e-05,
            "max": 0.00095915062,
            "count": 24
        },
        "Car.Policy.Beta.sum": {
            "value": 2.4743080000000023e-05,
            "min": 2.4743080000000023e-05,
            "max": 0.00095915062,
            "count": 24
        }
    },
    "metadata": {
        "timer_format_version": "0.1.0",
        "start_time_seconds": "1713020649",
        "python_version": "3.9.11 (main, Mar 30 2022, 02:45:55) [MSC v.1916 64 bit (AMD64)]",
        "command_line_arguments": "C:\\Users\\User\\miniconda3\\envs\\mlagents\\Scripts\\mlagents-learn Car.yaml --run-id=CarDriving78",
        "mlagents_version": "0.30.0",
        "mlagents_envs_version": "0.30.0",
        "communication_protocol_version": "1.5.0",
        "pytorch_version": "2.2.2+cpu",
        "numpy_version": "1.21.2",
        "end_time_seconds": "1713021016"
    },
    "total": 366.1107635,
    "count": 1,
    "self": 0.004214600000011615,
    "children": {
        "run_training.setup": {
            "total": 0.06396699999999989,
            "count": 1,
            "self": 0.06396699999999989
        },
        "TrainerController.start_learning": {
            "total": 366.0425819,
            "count": 1,
            "self": 0.48841259999818476,
            "children": {
                "TrainerController._reset_env": {
                    "total": 7.5377098,
                    "count": 1,
                    "self": 7.5377098
                },
                "TrainerController.advance": {
                    "total": 357.9736072000018,
                    "count": 26025,
                    "self": 0.4596299000062345,
                    "children": {
                        "env_step": {
                            "total": 196.51057969999528,
                            "count": 26025,
                            "self": 156.36299849999577,
                            "children": {
                                "SubprocessEnvManager._take_step": {
                                    "total": 39.83852829999752,
                                    "count": 26025,
                                    "self": 1.483380999995326,
                                    "children": {
                                        "TorchPolicy.evaluate": {
                                            "total": 38.355147300002194,
                                            "count": 25036,
                                            "self": 38.355147300002194
                                        }
                                    }
                                },
                                "workers": {
                                    "total": 0.30905290000199415,
                                    "count": 26025,
                                    "self": 0.0,
                                    "children": {
                                        "worker_root": {
                                            "total": 358.4101231,
                                            "count": 26025,
                                            "is_parallel": true,
                                            "self": 237.64321180000397,
                                            "children": {
                                                "steps_from_proto": {
                                                    "total": 0.0003885999999999612,
                                                    "count": 1,
                                                    "is_parallel": true,
                                                    "self": 0.0001318999999995185,