{
    "name": "root",
    "gauges": {
        "Car.Policy.Entropy.mean": {
            "value": 1.7598392963409424,
            "min": 1.7116787433624268,
            "max": 2.1970417499542236,
            "count": 50
        },
        "Car.Policy.Entropy.sum": {
            "value": 17668.787109375,
            "min": 17048.3203125,
            "max": 22585.576171875,
            "count": 50
        },
        "Car.Step.mean": {
            "value": 499998.0,
            "min": 9956.0,
            "max": 499998.0,
            "count": 50
        },
        "Car.Step.sum": {
            "value": 499998.0,
            "min": 9956.0,
            "max": 499998.0,
            "count": 50
        },
        "Car.Policy.ExtrinsicValueEstimate.mean": {
            "value": 4.118983268737793,
            "min": -2.397536277770996,
            "max": 4.504514217376709,
            "count": 50
        },
        "Car.Policy.ExtrinsicValueEstimate.sum": {
            "value": 671.394287109375,
            "min": -388.40087890625,
            "max": 747.7493286132812,
            "count": 50
        },
        "Car.Environment.EpisodeLength.mean": {
            "value": 732.0,
            "min": 295.3333333333333,
            "max": 933.0,
            "count": 50
        },
        "Car.Environment.EpisodeLength.sum": {
            "value": 8052.0,
            "min": 3544.0,
            "max": 13796.0,
            "count": 50
        },
        "Car.Environment.CumulativeReward.mean": {
            "value": 43.9410060107708,
            "min": -21.618999116122723,
            "max": 52.54333895817399,
            "count": 50
        },
        "Car.Environment.CumulativeReward.sum": {
            "value": 439.410060107708,
            "min": -518.8559787869453,
            "max": 684.5680838823318,
            "count": 50
        },
        "Car.Policy.ExtrinsicReward.mean": {
            "value": 43.9410060107708,
            "min": -21.618999116122723,
            "max": 52.54333895817399,
            "count": 50
        },
        "Car.Policy.ExtrinsicReward.sum": {
            "value": 439.410060107708,
            "min": -518.8559787869453,
            "max": 684.5680838823318,
            "count": 50
        },
        "Car.IsTraining.mean": {
            "value": 1.0,
            "min": 1.0,
            "max": 1.0,
            "count": 50
        },
        "Car.IsTraining.sum": {
            "value": 1.0,
            "min": 1.0,
            "max": 1.0,
            "count": 50
        },
        "Car.Losses.PolicyLoss.mean": {
            "value": 0.03847156075644307,
            "min": 0.031102782996216168,
            "max": 0.040906639905491225,
            "count": 24
        },
        "Car.Losses.PolicyLoss.sum": {
            "value": 0.03847156075644307,
            "min": 0.031102782996216168,
            "max": 0.040906639905491225,
            "count": 24
        },
        "Car.Losses.ValueLoss.mean": {
            "value": 12.284973136583965,
            "min": 1.5462739571928978,
            "max": 14.096044150988261,
            "count": 24
        },
        "Car.Losses.ValueLoss.sum": {
            "value": 12.284973136583965,
            "min": 1.5462739571928978,
            "max": 14.096044150988261,
            "count": 24
        },
        "Car.Policy.LearningRate.mean": {
            "value": 4.509698496800013e-06,
            "min": 4.509698496800013e-06,
            "max": 0.00028768920410360006,
            "count": 24
        },
        "Car.Policy.LearningRate.sum": {
            "value": 4.509698496800013e-06,
            "min": 4.509698496800013e-06,
            "max": 0.00028768920410360006,
            "count": 24
        },
        "Car.Policy.Epsilon.mean": {
            "value": 0.10150320000000002,
            "min": 0.10150320000000002,
            "max": 0.19589640000000005,
            "count": 24
        },
        "Car.Policy.Epsilon.sum": {
            "value": 0.10150320000000002,
            "min": 0.10150320000000002,
            "max": 0.19589640000000005,
            "count": 24
        },
        "Car.Policy.Beta.mean": {
            "value": 2.4881680000000042e-05,
            "min": 2.4881680000000042e-05,
            "max": 0.0009593743600000005,
            "count": 24
        },
        "Car.Policy.Beta.sum": {
            "value": 2.4881680000000042e-05,
            "min": 2.4881680000000042e-05,
            "max": 0.0009593743600000005,
            "count": 24
        }
    },
    "metadata": {
        "timer_format_version": "0.1.0",
        "start_time_seconds": "1713021942",
        "python_version": "3.9.11 (main, Mar 30 2022, 02:45:55) [MSC v.1916 64 bit (AMD64)]",
        "command_line_arguments": "C:\\Users\\User\\miniconda3\\envs\\mlagents\\Scripts\\mlagents-learn Car.yaml --run-id=CarDriving80",
        "mlagents_version": "0.30.0",
        "mlagents_envs_version": "0.30.0",
        "communication_protocol_version": "1.5.0",
        "pytorch_version": "2.2.2+cpu",
        "numpy_version": "1.21.2",
        "end_time_seconds": "1713022314"
    },
    "total": 372.16215350000004,
    "count": 1,
    "self": 0.009544400000095266,
    "children": {
        "run_training.setup": {
            "total": 0.058128100000000016,
            "count": 1,
            "self": 0.058128100000000016
        },
        "TrainerController.start_learning": {
            "total": 372.094481,
            "count": 1,
            "self": 0.50018409999808,
            "children": {
                "TrainerController._reset_env": {
                    "total": 6.129523600000001,
                    "count": 1,
                    "self": 6.129523600000001
                },
                "TrainerController.advance": {
                    "total": 365.3940701000019,
                    "count": 25622,
                    "self": 0.47493989999833275,
                    "children": {
                        "env_step": {
                            "total": 194.8288722000029,
                            "count": 25622,
                            "self": 152.85892100001166,
                            "children": {
                                "SubprocessEnvManager._take_step": {
                                    "total": 41.66104089999433,
                                    "count": 25622,
                                    "self": 1.5151759999970196,
                                    "children": {
                                        "TorchPolicy.evaluate": {
                                            "total": 40.145864899997314,
                                            "count": 25028,
                                            "self": 40.145864899997314
                                        }
                                    }
                                },
                                "workers": {
                                    "total": 0.3089102999968967,
                                    "count": 25622,
                                    "self": 0.0,
                                    "children": {
                                        "worker_root": {
                                            "total": 365.7325115000011,
                                            "count": 25622,
                                            "is_parallel": true,
                                            "self": 249.58223909999919,
                                            "children": {
                                                "steps_from_proto": {
                                                    "total": 0.0004628000000002075,
                                                    "count": 1,
                                                    "is_parallel": true,
                                                    "self": 0.0001441999999993726,