{
    "name": "root",
    "gauges": {
        "Car.Policy.Entropy.mean": {
            "value": 1.5563732385635376,
            "min": 1.5287712812423706,
            "max": 2.1970505714416504,
            "count": 50
        },
        "Car.Policy.Entropy.sum": {
            "value": 16435.30078125,
            "min": 14521.490234375,
            "max": 23200.853515625,
            "count": 50
        },
        "Car.Step.mean": {
            "value": 499968.0,
            "min": 9984.0,
            "max": 499968.0,
            "count": 50
        },
        "Car.Step.sum": {
            "value": 499968.0,
            "min": 9984.0,
            "max": 499968.0,
            "count": 50
        },
        "Car.Policy.ExtrinsicValueEstimate.mean": {
            "value": 7.858344078063965,
            "min": -1.5830892324447632,
            "max": 8.022969245910645,
            "count": 50
        },
        "Car.Policy.ExtrinsicValueEstimate.sum": {
            "value": 1343.77685546875,
            "min": -272.2913513183594,
            "max": 1379.95068359375,
            "count": 50
        },
        "Car.Environment.EpisodeLength.mean": {
            "value": 399.0,
            "min": 399.0,
            "max": 399.0,
            "count": 50
        },
        "Car.Environment.EpisodeLength.sum": {
            "value": 7980.0,
            "min": 7980.0,
            "max": 15960.0,
            "count": 50
        },
        "Car.Environment.CumulativeReward.mean": {
            "value": 45.10000223442912,
            "min": -29.09999709650874,
            "max": 51.20000227093696,
            "count": 50
        },
        "Car.Environment.CumulativeReward.sum": {
            "value": 902.0000446885824,
            "min": -581.9999419301748,
            "max": 1720.0000726282597,
            "count": 50
        },
        "Car.Policy.ExtrinsicReward.mean": {
            "value": 45.10000223442912,
            "min": -29.09999709650874,
            "max": 51.20000227093696,
            "count": 50
        },
        "Car.Policy.ExtrinsicReward.sum": {
            "value": 902.0000446885824,
            "min": -581.9999419301748,
            "max": 1720.0000726282597,
            "count": 50
        },
        "Car.IsTraining.mean": {
            "value": 1.0,
            "min": 1.0,
            "max": 1.0,
            "count": 50
        },
        "Car.IsTraining.sum": {
            "value": 1.0,
            "min": 1.0,
            "max": 1.0,
            "count": 50
        },
        "Car.Losses.PolicyLoss.mean": {
            "value": 0.035877621880300886,
            "min": 0.030911976732767937,
            "max": 0.04097960616567937,
            "count": 23
        },
        "Car.Losses.PolicyLoss.sum": {
            "value": 0.035877621880300886,
            "min": 0.030911976732767937,
            "max": 0.04097960616567937,
            "count": 23
        },
        "Car.Losses.ValueLoss.mean": {
            "value": 20.896345456441242,
            "min": 1.929648169657079,
            "max": 21.89803525102817,
            "count": 23
        },
        "Car.Losses.ValueLoss.sum": {
            "value": 20.896345456441242,
            "min": 1.929648169657079,
            "max": 21.89803525102817,
            "count": 23
        },
        "Car.Policy.LearningRate.mean": {
            "value": 5.664098112000003e-06,
            "min": 5.664098112000003e-06,
            "max": 0.00028732800422399995,
            "count": 23
        },
        "Car.Policy.LearningRate.sum": {
            "value": 5.664098112000003e-06,
            "min": 5.664098112000003e-06,
            "max": 0.00028732800422399995,
            "count": 23
        },
        "Car.Policy.Epsilon.mean": {
            "value": 0.101888,
            "min": 0.101888,
            "max": 0.19577599999999995,
            "count": 23
        },
        "Car.Policy.Epsilon.sum": {
            "value": 0.101888,
            "min": 0.101888,
            "max": 0.19577599999999995,
            "count": 23
        },
        "Car.Policy.Beta.mean": {
            "value": 2.8691200000000014e-05,
            "min": 2.8691200000000014e-05,
            "max": 0.0009581823999999999,
            "count": 23
        },
        "Car.Policy.Beta.sum": {
            "value": 2.8691200000000014e-05,
            "min": 2.8691200000000014e-05,
            "max": 0.0009581823999999999,
            "count": 23
        }
    },
    "metadata": {
        "timer_format_version": "0.1.0",
        "start_time_seconds": "1712985071",
        "python_version": "3.9.11 (main, Mar 30 2022, 02:45:55) [MSC v.1916 64 bit (AMD64)]",
        "command_line_arguments": "C:\\Users\\User\\miniconda3\\envs\\mlagents\\Scripts\\mlagents-learn Car.yaml --run-id=CarDrining51",
        "mlagents_version": "0.30.0",
        "mlagents_envs_version": "0.30.0",
        "communication_protocol_version": "1.5.0",
        "pytorch_version": "2.2.2+cpu",
        "numpy_version": "1.21.2",
        "end_time_seconds": "1712985457"
    },
    "total": 386.1868238,
    "count": 1,
    "self": 0.008811000000036984,
    "children": {
        "run_training.setup": {
            "total": 0.06145360000000011,
            "count": 1,
            "self": 0.06145360000000011
        },
        "TrainerController.start_learning": {
            "total": 386.1165592,
            "count": 1,
            "self": 0.46770419999756996,
            "children": {
                "TrainerController._reset_env": {
                    "total": 6.3039051,
                    "count": 1,
                    "self": 6.3039051
                },
                "TrainerController.advance": {
                    "total": 379.2740121000023,
                    "count": 25056,
                    "self": 0.4399225000020124,
                    "children": {
                        "env_step": {
                            "total": 212.69737439999804,
                            "count": 25056,
                            "self": 168.12684769999913,
                            "children": {
                                "SubprocessEnvManager._take_step": {
                                    "total": 44.267652899998915,
                                    "count": 25056,
                                    "self": 1.5283608999956328,
                                    "children": {
                                        "TorchPolicy.evaluate": {
                                            "total": 42.73929200000328,
                                            "count": 25056,
                                            "self": 42.73929200000328
                                        }
                                    }
                                },
                                "workers": {
                                    "total": 0.3028738000000022,
                                    "count": 25056,
                                    "self": 0.0,
                                    "children": {
                                        "worker_root": {
                                            "total": 379.5101291000004,
                                            "count": 25056,
                                            "is_parallel": true,
                                            "self": 247.1607497999975,
                                            "children": {
                                                "steps_from_proto": {
                                                    "total": 0.00043089999999956774,
                                                    "count": 1,
                                                    "is_parallel": true,
                                                    "self": 0.00016299999999969117,