{
    "name": "root",
    "gauges": {
        "Car.Policy.Entropy.mean": {
            "value": 1.1437087059020996,
            "min": 1.1294385194778442,
            "max": 2.1970021724700928,
            "count": 200
        },
        "Car.Policy.Entropy.sum": {
            "value": 11700.1396484375,
            "min": 11232.115234375,
            "max": 25309.46484375,
            "count": 200
        },
        "Car.Environment.EpisodeLength.mean": {
            "value": 746.2727272727273,
            "min": 238.375,
            "max": 962.0714285714286,
            "count": 200
        },
        "Car.Environment.EpisodeLength.sum": {
            "value": 8209.0,
            "min": 1907.0,
            "max": 16081.0,
            "count": 200
        },
        "Car.Step.mean": {
            "value": 1999997.0,
            "min": 9979.0,
            "max": 1999997.0,
            "count": 200
        },
        "Car.Step.sum": {
            "value": 1999997.0,
            "min": 9979.0,
            "max": 1999997.0,
            "count": 200
        },
        "Car.Policy.ExtrinsicValueEstimate.mean": {
            "value": 7.921818256378174,
            "min": -2.7004342079162598,
            "max": 8.032722473144531,
            "count": 200
        },
        "Car.Policy.ExtrinsicValueEstimate.sum": {
            "value": 1275.4127197265625,
            "min": -437.4703369140625,
            "max": 1301.301025390625,
            "count": 200
        },
        "Car.Environment.CumulativeReward.mean": {
            "value": 64.41140637099743,
            "min": -28.88660763528036,
            "max": 84.88747359712919,
            "count": 200
        },
        "Car.Environment.CumulativeReward.sum": {
            "value": 644.1140637099743,
            "min": -710.7479708492756,
            "max": 1398.2861086428165,
            "count": 200
        },
        "Car.Policy.ExtrinsicReward.mean": {
            "value": 64.41140637099743,
            "min": -28.88660763528036,
            "max": 84.88747359712919,
            "count": 200
        },
        "Car.Policy.ExtrinsicReward.sum": {
            "value": 644.1140637099743,
            "min": -710.7479708492756,
            "max": 1398.2861086428165,
            "count": 200
        },
        "Car.IsTraining.mean": {
            "value": 1.0,
            "min": 1.0,
            "max": 1.0,
            "count": 200
        },
        "Car.IsTraining.sum": {
            "value": 1.0,
            "min": 1.0,
            "max": 1.0,
            "count": 200
        },
        "Car.Losses.PolicyLoss.mean": {
            "value": 0.026459584605375615,
            "min": 0.020850749308010563,
            "max": 0.028785343042303187,
            "count": 48
        },
        "Car.Losses.PolicyLoss.sum": {
            "value": 0.026459584605375615,
            "min": 0.020850749308010563,
            "max": 0.028785343042303187,
            "count": 48
        },
        "Car.Losses.ValueLoss.mean": {
            "value": 18.146875723203024,
            "min": 2.8853287716706593,
            "max": 22.19863142967224,
            "count": 48
        },
        "Car.Losses.ValueLoss.sum": {
            "value": 18.146875723203024,
            "min": 2.8853287716706593,
            "max": 22.19863142967224,
            "count": 48
        },
        "Car.Policy.LearningRate.mean": {
            "value": 4.719248426949996e-06,
            "min": 4.719248426949996e-06,
            "max": 0.00029383680205439996,
            "count": 48
        },
        "Car.Policy.LearningRate.sum": {
            "value": 4.719248426949996e-06,
            "min": 4.719248426949996e-06,
            "max": 0.00029383680205439996,
            "count": 48
        },
        "Car.Policy.Epsilon.mean": {
            "value": 0.10157305000000004,
            "min": 0.10157305000000004,
            "max": 0.19794560000000003,
            "count": 48
        },
        "Car.Policy.Epsilon.sum": {
            "value": 0.10157305000000004,
            "min": 0.10157305000000004,
            "max": 0.19794560000000003,
            "count": 48
        },
        "Car.Policy.Beta.mean": {
            "value": 2.5573194999999974e-05,
            "min": 2.5573194999999974e-05,
            "max": 0.00097966144,
            "count": 48
        },
        "Car.Policy.Beta.sum": {
            "value": 2.5573194999999974e-05,
            "min": 2.5573194999999974e-05,
            "max": 0.00097966144,
            "count": 48
        }
    },
    "metadata": {
        "timer_format_version": "0.1.0",
        "start_time_seconds": "1713024201",
        "python_version": "3.9.11 (main, Mar 30 2022, 02:45:55) [MSC v.1916 64 bit (AMD64)]",
        "command_line_arguments": "C:\\Users\\User\\miniconda3\\envs\\mlagents\\Scripts\\mlagents-learn Car.yaml --run-id=CarDriving87",
        "mlagents_version": "0.30.0",
        "mlagents_envs_version": "0.30.0",
        "communication_protocol_version": "1.5.0",
        "pytorch_version": "2.2.2+cpu",
        "numpy_version": "1.21.2",
        "end_time_seconds": "1713025243"
    },
    "total": 1042.5902725,
    "count": 1,
    "self": 0.009123399999907633,
    "children": {
        "run_training.setup": {
            "total": 0.0678643000000001,
            "count": 1,
            "self": 0.0678643000000001
        },
        "TrainerController.start_learning": {
            "total": 1042.5132848,
            "count": 1,
            "self": 1.1162587999970128,
            "children": {
                "TrainerController._reset_env": {
                    "total": 6.4657496,
                    "count": 1,
                    "self": 6.4657496
                },
                "TrainerController.advance": {
                    "total": 1034.856660500003,
                    "count": 68971,
                    "self": 1.0852242999878854,
                    "children": {
                        "env_step": {
                            "total": 567.760223699996,
                            "count": 68971,
                            "self": 486.36108940000116,
                            "children": {
                                "SubprocessEnvManager._take_step": {
                                    "total": 80.73329909999045,
                                    "count": 68971,
                                    "self": 4.239156799985224,
                                    "children": {
                                        "TorchPolicy.evaluate": {
                                            "total": 76.49414230000522,
                                            "count": 66698,
                                            "self": 76.49414230000522
                                        }
                                    }
                                },
                                "workers": {
                                    "total": 0.6658352000044054,
                                    "count": 68971,
                                    "self": 0.0,
                                    "children": {
                                        "worker_root": {
                                            "total": 1035.2046320999807,
                                            "count": 68971,
                                            "is_parallel": true,
                                            "self": 638.4971706999861,
                                            "children": {
                                                "steps_from_proto": {
                                                    "total": 0.0004364999999992847,
                                                    "count": 1,
                                                    "is_parallel": true,
                                                    "self": 0.00014130000000012188,