{
    "name": "root",
    "gauges": {
        "Car.Policy.Entropy.mean": {
            "value": 1.8228093385696411,
            "min": 1.8202176094055176,
            "max": 2.197028875350952,
            "count": 50
        },
        "Car.Policy.Entropy.sum": {
            "value": 17936.443359375,
            "min": 17683.119140625,
            "max": 23112.59375,
            "count": 50
        },
        "Car.Environment.EpisodeLength.mean": {
            "value": 549.8333333333334,
            "min": 95.84615384615384,
            "max": 599.0,
            "count": 50
        },
        "Car.Environment.EpisodeLength.sum": {
            "value": 9897.0,
            "min": 7410.0,
            "max": 12217.0,
            "count": 50
        },
        "Car.Step.mean": {
            "value": 499938.0,
            "min": 9965.0,
            "max": 499938.0,
            "count": 50
        },
        "Car.Step.sum": {
            "value": 499938.0,
            "min": 9965.0,
            "max": 499938.0,
            "count": 50
        },
        "Car.Policy.ExtrinsicValueEstimate.mean": {
            "value": -0.391437292098999,
            "min": -1.890573501586914,
            "max": 0.13658514618873596,
            "count": 50
        },
        "Car.Policy.ExtrinsicValueEstimate.sum": {
            "value": -65.37002563476562,
            "min": -327.0692138671875,
            "max": 27.04385757446289,
            "count": 50
        },
        "Car.Environment.CumulativeReward.mean": {
            "value": 1.6347800642251968,
            "min": -7.4709327106674515,
            "max": 4.067649325027185,
            "count": 50
        },
        "Car.Environment.CumulativeReward.sum": {
            "value": 29.426041156053543,
            "min": -481.01398669183254,
            "max": 69.15003852546215,
            "count": 50
        },
        "Car.Policy.ExtrinsicReward.mean": {
            "value": 1.6347800642251968,
            "min": -7.4709327106674515,
            "max": 4.067649325027185,
            "count": 50
        },
        "Car.Policy.ExtrinsicReward.sum": {
            "value": 29.426041156053543,
            "min": -481.01398669183254,
            "max": 69.15003852546215,
            "count": 50
        },
        "Car.IsTraining.mean": {
            "value": 1.0,
            "min": 1.0,
            "max": 1.0,
            "count": 50
        },
        "Car.IsTraining.sum": {
            "value": 1.0,
            "min": 1.0,
            "max": 1.0,
            "count": 50
        },
        "Car.Losses.PolicyLoss.mean": {
            "value": 0.030511549945610266,
            "min": 0.02855897144957756,
            "max": 0.03868102841079235,
            "count": 24
        },
        "Car.Losses.PolicyLoss.sum": {
            "value": 0.030511549945610266,
            "min": 0.02855897144957756,
            "max": 0.03868102841079235,
            "count": 24
        },
        "Car.Losses.ValueLoss.mean": {
            "value": 2.5724028686682385,
            "min": 0.5981773299475511,
            "max": 3.768743395805359,
            "count": 24
        },
        "Car.Losses.ValueLoss.sum": {
            "value": 2.5724028686682385,
            "min": 0.5981773299475511,
            "max": 3.768743395805359,
            "count": 24
        },
        "Car.Policy.LearningRate.mean": {
            "value": 4.518098493999989e-06,
            "min": 4.518098493999989e-06,
            "max": 0.0002877090040970001,
            "count": 24
        },
        "Car.Policy.LearningRate.sum": {
            "value": 4.518098493999989e-06,
            "min": 4.518098493999989e-06,
            "max": 0.0002877090040970001,
            "count": 24
        },
        "Car.Policy.Epsilon.mean": {
            "value": 0.10150600000000004,
            "min": 0.10150600000000004,
            "max": 0.19590299999999997,
            "count": 24
        },
        "Car.Policy.Epsilon.sum": {
            "value": 0.10150600000000004,
            "min": 0.10150600000000004,
            "max": 0.19590299999999997,
            "count": 24
        },
        "Car.Policy.Beta.mean": {
            "value": 2.4909399999999962e-05,
            "min": 2.4909399999999962e-05,
            "max": 0.0009594397000000001,
            "count": 24
        },
        "Car.Policy.Beta.sum": {
            "value": 2.4909399999999962e-05,
            "min": 2.4909399999999962e-05,
            "max": 0.0009594397000000001,
            "count": 24
        }
    },
    "metadata": {
        "timer_format_version": "0.1.0",
        "start_time_seconds": "1713015407",
        "python_version": "3.9.11 (main, Mar 30 2022, 02:45:55) [MSC v.1916 64 bit (AMD64)]",
        "command_line_arguments": "C:\\Users\\User\\miniconda3\\envs\\mlagents\\Scripts\\mlagents-learn Car.yaml --run-id=CarDriving68",
        "mlagents_version": "0.30.0",
        "mlagents_envs_version": "0.30.0",
        "communication_protocol_version": "1.5.0",
        "pytorch_version": "2.2.2+cpu",
        "numpy_version": "1.21.2",
        "end_time_seconds": "1713015793"
    },
    "total": 385.2792356,
    "count": 1,
    "self": 0.008383899999955702,
    "children": {
        "run_training.setup": {
            "total": 0.06333509999999998,
            "count": 1,
            "self": 0.06333509999999998
        },
        "TrainerController.start_learning": {
            "total": 385.2075166,
            "count": 1,
            "self": 0.5057867999947803,
            "children": {
                "TrainerController._reset_env": {
                    "total": 7.0868647,
                    "count": 1,
                    "self": 7.0868647
                },
                "TrainerController.advance": {
                    "total": 377.54236660000527,
                    "count": 26192,
                    "self": 0.49088060000883615,
                    "children": {
                        "env_step": {
                            "total": 204.82358329999707,
                            "count": 26192,
                            "self": 162.7214460999968,
                            "children": {
                                "SubprocessEnvManager._take_step": {
                                    "total": 41.7812413999958,
                                    "count": 26192,
                                    "self": 1.54957329999678,
                                    "children": {
                                        "TorchPolicy.evaluate": {
                                            "total": 40.23166809999902,
                                            "count": 25028,
                                            "self": 40.23166809999902
                                        }
                                    }
                                },
                                "workers": {
                                    "total": 0.3208958000044717,
                                    "count": 26192,
                                    "self": 0.0,
                                    "children": {
                                        "worker_root": {
                                            "total": 377.9062364000018,
                                            "count": 26192,
                                            "is_parallel": true,
                                            "self": 252.50407180000016,
                                            "children": {
                                                "steps_from_proto": {
                                                    "total": 0.0004103999999998109,
                                                    "count": 1,
                                                    "is_parallel": true,
                                                    "self": 0.00013649999999998386,