{
    "name": "root",
    "metadata": {
        "timer_format_version": "0.1.0",
        "start_time_seconds": "1712910469",
        "python_version": "3.9.11 (main, Mar 30 2022, 02:45:55) [MSC v.1916 64 bit (AMD64)]",
        "command_line_arguments": "C:\\Users\\User\\miniconda3\\envs\\mlagents\\Scripts\\mlagents-learn Car.yaml --run-id=CarDrining20",
        "mlagents_version": "0.30.0",
        "mlagents_envs_version": "0.30.0",
        "communication_protocol_version": "1.5.0",
        "pytorch_version": "2.2.2+cpu",
        "numpy_version": "1.21.2",
        "end_time_seconds": "1712910573"
    },
    "total": 103.84247,
    "count": 1,
    "self": 0.006884400000018331,
    "children": {
        "run_training.setup": {
            "total": 0.06895800000000007,
            "count": 1,
            "self": 0.06895800000000007
        },
        "TrainerController.start_learning": {
            "total": 103.76662759999999,
            "count": 1,
            "self": 0.04457159999996918,
            "children": {
                "TrainerController._reset_env": {
                    "total": 6.730225599999999,
                    "count": 1,
                    "self": 6.730225599999999
                },
                "TrainerController.advance": {
                    "total": 96.89419530000004,
                    "count": 2927,
                    "self": 0.04374240000032614,
                    "children": {
                        "env_step": {
                            "total": 89.37031009999977,
                            "count": 2927,
                            "self": 85.49044739999982,
                            "children": {
                                "SubprocessEnvManager._take_step": {
                                    "total": 3.8500076999999866,
                                    "count": 2927,
                                    "self": 0.13433160000011135,
                                    "children": {
                                        "TorchPolicy.evaluate": {
                                            "total": 3.7156760999998752,
                                            "count": 2927,
                                            "self": 3.7156760999998752
                                        }
                                    }
                                },
                                "workers": {
                                    "total": 0.029854999999963994,
                                    "count": 2926,
                                    "self": 0.0,
                                    "children": {
                                        "worker_root": {
                                            "total": 35.83951370000004,
                                            "count": 2926,
                                            "is_parallel": true,
                                            "self": 14.476781999999869,
                                            "children": {
                                                "steps_from_proto": {
                                                    "total": 0.0003116000000007446,
                                                    "count": 1,
                                                    "is_parallel": true,
                                                    "self": 0.00013070000000059423,
                                                    "children": {
                                                        "_process_rank_one_or_two_observation": {
                                                            "total": 0.00018090000000015038,
                                                            "count": 4,
                                                            "is_parallel": true,
                                                            "self": 0.00018090000000015038
                                                        }
                                                    }
                                                },
                                                "UnityEnvironment.step": {
                                                    "total": 21.362420100000172,
                                                    "count": 2926,
                                                    "is_parallel": true,
                                                    "self": 0.26527390000038764,
                                                    "children": {
                                                        "UnityEnvironment._generate_step_input": {
                                                            "total": 0.3728541000000156,
                                                            "count": 2926,
                                                            "is_parallel": true,
                                                            "self": 0.3728541000000156
                                                        },
                                                        "communicator.exchange": {
                                                            "total": 19.819354800000042,
                                                            "count": 2926,
                                                            "is_parallel": true,
                                                            "self": 19.819354800000042
                                                        },
                                                        "steps_from_proto": {
                                                            "total": 0.9049372999997267,
                                                            "count": 2926,
                                                            "is_parallel": true,
                                                            "self": 0.4065229999999245,
                                                            "children": {
                                                                "_process_rank_one_or_two_observation": {
                                                                    "total": 0.49841429999980225,
                                                                    "count": 11704,
                                                                    "is_parallel": true,
                                                                    "self": 0.49841429999980225
                                                                }
                                                            }
                                                        }
                                                    }
                                                }
                                            }
                                        }
                                    }
                                }
                            }
                        },
                        "trainer_advance": {
                            "total": 7.480142799999937,
                            "count": 2926,
                            "self": 0.050712600000018426,
                            "children": {
                                "process_trajectory": {
                                    "total": 1.360068799999917,
                                    "count": 2926,
                                    "self": 1.360068799999917
                                },
                                "_update_policy": {
                                    "total": 6.069361400000002,
                                    "count": 2,
                                    "self": 3.677835500000036,
                                    "children": {
                                        "TorchPPOOptimizer.update": {
                                            "total": 2.391525899999966,
                                            "count": 246,