{
    "name": "root",
    "metadata": {
        "timer_format_version": "0.1.0",
        "start_time_seconds": "1712837637",
        "python_version": "3.9.11 (main, Mar 30 2022, 02:45:55) [MSC v.1916 64 bit (AMD64)]",
        "command_line_arguments": "C:\\Users\\User\\miniconda3\\envs\\mlagents\\Scripts\\mlagents-learn Car.yaml --run-id=CarDrining11",
        "mlagents_version": "0.30.0",
        "mlagents_envs_version": "0.30.0",
        "communication_protocol_version": "1.5.0",
        "pytorch_version": "2.2.2+cpu",
        "numpy_version": "1.21.2",
        "end_time_seconds": "1712837710"
    },
    "total": 73.92481319999999,
    "count": 1,
    "self": 0.006837399999980676,
    "children": {
        "run_training.setup": {
            "total": 0.07469979999999987,
            "count": 1,
            "self": 0.07469979999999987
        },
        "TrainerController.start_learning": {
            "total": 73.843276,
            "count": 1,
            "self": 0.01783219999997243,
            "children": {
                "TrainerController._reset_env": {
                    "total": 5.8066084,
                    "count": 1,
                    "self": 5.8066084
                },
                "TrainerController.advance": {
                    "total": 67.91879570000002,
                    "count": 1371,
                    "self": 0.017962000000011358,
                    "children": {
                        "env_step": {
                            "total": 67.66025890000002,
                            "count": 1371,
                            "self": 66.18218909999999,
                            "children": {
                                "SubprocessEnvManager._take_step": {
                                    "total": 1.4664020000000422,
                                    "count": 1371,
                                    "self": 0.05492610000003406,
                                    "children": {
                                        "TorchPolicy.evaluate": {
                                            "total": 1.411475900000008,
                                            "count": 1371,
                                            "self": 1.411475900000008
                                        }
                                    }
                                },
                                "workers": {
                                    "total": 0.011667799999981021,
                                    "count": 1370,
                                    "self": 0.0,
                                    "children": {
                                        "worker_root": {
                                            "total": 6.772892599999975,
                                            "count": 1370,
                                            "is_parallel": true,
                                            "self": 3.1728450999999493,
                                            "children": {
                                                "steps_from_proto": {
                                                    "total": 0.0002932000000006596,
                                                    "count": 1,
                                                    "is_parallel": true,
                                                    "self": 0.00014430000000054122,
                                                    "children": {
                                                        "_process_rank_one_or_two_observation": {
                                                            "total": 0.00014890000000011838,
                                                            "count": 4,
                                                            "is_parallel": true,
                                                            "self": 0.00014890000000011838
                                                        }
                                                    }
                                                },
                                                "UnityEnvironment.step": {
                                                    "total": 3.5997543000000247,
                                                    "count": 1370,
                                                    "is_parallel": true,
                                                    "self": 0.08439020000003605,
                                                    "children": {
                                                        "UnityEnvironment._generate_step_input": {
                                                            "total": 0.09023320000000634,
                                                            "count": 1370,
                                                            "is_parallel": true,
                                                            "self": 0.09023320000000634
                                                        },
                                                        "communicator.exchange": {
                                                            "total": 3.097189699999994,
                                                            "count": 1370,
                                                            "is_parallel": true,
                                                            "self": 3.097189699999994
                                                        },
                                                        "steps_from_proto": {
                                                            "total": 0.32794119999998816,
                                                            "count": 1370,
                                                            "is_parallel": true,
                                                            "self": 0.16811090000001716,
                                                            "children": {
                                                                "_process_rank_one_or_two_observation": {
                                                                    "total": 0.159830299999971,
                                                                    "count": 5480,
                                                                    "is_parallel": true,
                                                                    "self": 0.159830299999971
                                                                }
                                                            }
                                                        }
                                                    }
                                                }
                                            }
                                        }
                                    }
                                }
                            }
                        },
                        "trainer_advance": {
                            "total": 0.2405747999999841,
                            "count": 1370,
                            "self": 0.020735400000003068,
                            "children": {
                                "process_trajectory": {
                                    "total": 0.21983939999998103,
                                    "count": 1370,
                                    "self": 0.21983939999998103
                                }
                            }
                        }
                    }
                },
                "TrainerController._save_models": {
                    "total": 0.10003970000001061,
                    "count": 1,
                    "self": 3.340000002083343e-05,
                    "children": {
                        "RLTrainer._checkpoint": {
                            "total": 0.10000629999998978,
                            "count": 1,