{
    "name": "root",
    "gauges": {
        "Car.Policy.Entropy.mean": {
            "value": 1.3907495737075806,
            "min": 1.3832350969314575,
            "max": 2.196727991104126,
            "count": 50
        },
        "Car.Policy.Entropy.sum": {
            "value": 13949.21875,
            "min": 13777.51171875,
            "max": 22705.2578125,
            "count": 50
        },
        "Car.Step.mean": {
            "value": 499987.0,
            "min": 9952.0,
            "max": 499987.0,
            "count": 50
        },
        "Car.Step.sum": {
            "value": 499987.0,
            "min": 9952.0,
            "max": 499987.0,
            "count": 50
        },
        "Car.Policy.ExtrinsicValueEstimate.mean": {
            "value": 6.990531921386719,
            "min": -0.2372390478849411,
            "max": 6.990531921386719,
            "count": 50
        },
        "Car.Policy.ExtrinsicValueEstimate.sum": {
            "value": 1377.134765625,
            "min": -40.09339904785156,
            "max": 1377.134765625,
            "count": 50
        },
        "Car.Environment.EpisodeLength.mean": {
            "value": 153.16417910447763,
            "min": 148.86153846153846,
            "max": 239.0,
            "count": 50
        },
        "Car.Environment.EpisodeLength.sum": {
            "value": 10262.0,
            "min": 8063.0,
            "max": 12189.0,
            "count": 50
        },
        "Car.Environment.CumulativeReward.mean": {
            "value": 17.44752365573129,
            "min": -4.341176280203988,
            "max": 17.82858587365884,
            "count": 50
        },
        "Car.Environment.CumulativeReward.sum": {
            "value": 1168.9840849339962,
            "min": -150.7999901175499,
            "max": 1168.9840849339962,
            "count": 50
        },
        "Car.Policy.ExtrinsicReward.mean": {
            "value": 17.44752365573129,
            "min": -4.341176280203988,
            "max": 17.82858587365884,
            "count": 50
        },
        "Car.Policy.ExtrinsicReward.sum": {
            "value": 1168.9840849339962,
            "min": -150.7999901175499,
            "max": 1168.9840849339962,
            "count": 50
        },
        "Car.IsTraining.mean": {
            "value": 1.0,
            "min": 1.0,
            "max": 1.0,
            "count": 50
        },
        "Car.IsTraining.sum": {
            "value": 1.0,
            "min": 1.0,
            "max": 1.0,
            "count": 50
        },
        "Car.Losses.PolicyLoss.mean": {
            "value": 0.03365524497348815,
            "min": 0.031093503581359982,
            "max": 0.038903522743688274,
            "count": 24
        },
        "Car.Losses.PolicyLoss.sum": {
            "value": 0.03365524497348815,
            "min": 0.031093503581359982,
            "max": 0.038903522743688274,
            "count": 24
        },
        "Car.Losses.ValueLoss.mean": {
            "value": 5.037404112021128,
            "min": 0.24530378892654325,
            "max": 5.26675101518631,
            "count": 24
        },
        "Car.Losses.ValueLoss.sum": {
            "value": 5.037404112021128,
            "min": 0.24530378892654325,
            "max": 5.26675101518631,
            "count": 24
        },
        "Car.Policy.LearningRate.mean": {
            "value": 1.7706994097999887e-06,
            "min": 1.7706994097999887e-06,
            "max": 0.00028710720429760004,
            "count": 24
        },
        "Car.Policy.LearningRate.sum": {
            "value": 1.7706994097999887e-06,
            "min": 1.7706994097999887e-06,
            "max": 0.00028710720429760004,
            "count": 24
        },
        "Car.Policy.Epsilon.mean": {
            "value": 0.10059020000000002,
            "min": 0.10059020000000002,
            "max": 0.19570239999999997,
            "count": 24
        },
        "Car.Policy.Epsilon.sum": {
            "value": 0.10059020000000002,
            "min": 0.10059020000000002,
            "max": 0.19570239999999997,
            "count": 24
        },
        "Car.Policy.Beta.mean": {
            "value": 1.5842979999999955e-05,
            "min": 1.5842979999999955e-05,
            "max": 0.0009574537600000006,
            "count": 24
        },
        "Car.Policy.Beta.sum": {
            "value": 1.5842979999999955e-05,
            "min": 1.5842979999999955e-05,
            "max": 0.0009574537600000006,
            "count": 24
        }
    },
    "metadata": {
        "timer_format_version": "0.1.0",
        "start_time_seconds": "1712917337",
        "python_version": "3.9.11 (main, Mar 30 2022, 02:45:55) [MSC v.1916 64 bit (AMD64)]",
        "command_line_arguments": "C:\\Users\\User\\miniconda3\\envs\\mlagents\\Scripts\\mlagents-learn Car.yaml --run-id=CarDrining35",
        "mlagents_version": "0.30.0",
        "mlagents_envs_version": "0.30.0",
        "communication_protocol_version": "1.5.0",
        "pytorch_version": "2.2.2+cpu",
        "numpy_version": "1.21.2",
        "end_time_seconds": "1712917733"
    },
    "total": 396.2358135,
    "count": 1,
    "self": 0.010137700000029781,
    "children": {
        "run_training.setup": {
            "total": 0.05583859999999996,
            "count": 1,
            "self": 0.05583859999999996
        },
        "TrainerController.start_learning": {
            "total": 396.16983719999996,
            "count": 1,
            "self": 0.5756703999973638,
            "children": {
                "TrainerController._reset_env": {
                    "total": 6.2574086,
                    "count": 1,
                    "self": 6.2574086
                },
                "TrainerController.advance": {
                    "total": 389.26443160000264,
                    "count": 31014,
                    "self": 0.5412491000075192,
                    "children": {
                        "env_step": {
                            "total": 216.46382709999645,
                            "count": 31014,
                            "self": 168.0546544999974,
                            "children": {
                                "SubprocessEnvManager._take_step": {
                                    "total": 48.041301200000646,
                                    "count": 31014,
                                    "self": 1.7978610000013049,
                                    "children": {
                                        "TorchPolicy.evaluate": {
                                            "total": 46.24344019999934,
                                            "count": 29444,
                                            "self": 46.24344019999934
                                        }
                                    }
                                },
                                "workers": {
                                    "total": 0.36787139999838914,
                                    "count": 31014,
                                    "self": 0.0,
                                    "children": {
                                        "worker_root": {
                                            "total": 389.54871049999895,
                                            "count": 31014,
                                            "is_parallel": true,
                                            "self": 261.9080546000025,
                                            "children": {
                                                "steps_from_proto": {
                                                    "total": 0.000374400000000108,
                                                    "count": 1,
                                                    "is_parallel": true,
                                                    "self": 0.00013520000000077914,