{
    "name": "root",
    "gauges": {
        "Car.Policy.Entropy.mean": {
            "value": 1.8673927783966064,
            "min": 1.798945426940918,
            "max": 2.1969690322875977,
            "count": 50
        },
        "Car.Policy.Entropy.sum": {
            "value": 19047.40625,
            "min": 17701.623046875,
            "max": 23375.1875,
            "count": 50
        },
        "Car.Step.mean": {
            "value": 499979.0,
            "min": 9997.0,
            "max": 499979.0,
            "count": 50
        },
        "Car.Step.sum": {
            "value": 499979.0,
            "min": 9997.0,
            "max": 499979.0,
            "count": 50
        },
        "Car.Policy.ExtrinsicValueEstimate.mean": {
            "value": -0.22712109982967377,
            "min": -3.461545705795288,
            "max": 0.040736887603998184,
            "count": 50
        },
        "Car.Policy.ExtrinsicValueEstimate.sum": {
            "value": -36.566497802734375,
            "min": -560.7703857421875,
            "max": 6.884533882141113,
            "count": 50
        },
        "Car.Environment.EpisodeLength.mean": {
            "value": 797.5,
            "min": 305.8235294117647,
            "max": 999.0,
            "count": 50
        },
        "Car.Environment.EpisodeLength.sum": {
            "value": 9570.0,
            "min": 5199.0,
            "max": 13367.0,
            "count": 50
        },
        "Car.Environment.CumulativeReward.mean": {
            "value": 10.186670531829199,
            "min": -33.258265070120494,
            "max": 14.397288856761795,
            "count": 50
        },
        "Car.Environment.CumulativeReward.sum": {
            "value": 122.24004638195038,
            "min": -680.0639761984348,
            "max": 201.56204399466515,
            "count": 50
        },
        "Car.Policy.ExtrinsicReward.mean": {
            "value": 10.186670531829199,
            "min": -33.258265070120494,
            "max": 14.397288856761795,
            "count": 50
        },
        "Car.Policy.ExtrinsicReward.sum": {
            "value": 122.24004638195038,
            "min": -680.0639761984348,
            "max": 201.56204399466515,
            "count": 50
        },
        "Car.IsTraining.mean": {
            "value": 1.0,
            "min": 1.0,
            "max": 1.0,
            "count": 50
        },
        "Car.IsTraining.sum": {
            "value": 1.0,
            "min": 1.0,
            "max": 1.0,
            "count": 50
        },
        "Car.Losses.PolicyLoss.mean": {
            "value": 0.03826254155719653,
            "min": 0.03023762214773645,
            "max": 0.03905955156466613,
            "count": 24
        },
        "Car.Losses.PolicyLoss.sum": {
            "value": 0.03826254155719653,
            "min": 0.03023762214773645,
            "max": 0.03905955156466613,
            "count": 24
        },
        "Car.Losses.ValueLoss.mean": {
            "value": 2.9122290035088856,
            "min": 0.29412943745652836,
            "max": 7.524526476860046,
            "count": 24
        },
        "Car.Losses.ValueLoss.sum": {
            "value": 2.9122290035088856,
            "min": 0.29412943745652836,
            "max": 7.524526476860046,
            "count": 24
        },
        "Car.Policy.LearningRate.mean": {
            "value": 4.536698487799989e-06,
            "min": 4.536698487799989e-06,
            "max": 0.0002877114040961999,
            "count": 24
        },
        "Car.Policy.LearningRate.sum": {
            "value": 4.536698487799989e-06,
            "min": 4.536698487799989e-06,
            "max": 0.0002877114040961999,
            "count": 24
        },
        "Car.Policy.Epsilon.mean": {
            "value": 0.10151219999999996,
            "min": 0.10151219999999996,
            "max": 0.1959038,
            "count": 24
        },
        "Car.Policy.Epsilon.sum": {
            "value": 0.10151219999999996,
            "min": 0.10151219999999996,
            "max": 0.1959038,
            "count": 24
        },
        "Car.Policy.Beta.mean": {
            "value": 2.497077999999996e-05,
            "min": 2.497077999999996e-05,
            "max": 0.0009594476199999998,
            "count": 24
        },
        "Car.Policy.Beta.sum": {
            "value": 2.497077999999996e-05,
            "min": 2.497077999999996e-05,
            "max": 0.0009594476199999998,
            "count": 24
        }
    },
    "metadata": {
        "timer_format_version": "0.1.0",
        "start_time_seconds": "1713023395",
        "python_version": "3.9.11 (main, Mar 30 2022, 02:45:55) [MSC v.1916 64 bit (AMD64)]",
        "command_line_arguments": "C:\\Users\\User\\miniconda3\\envs\\mlagents\\Scripts\\mlagents-learn Car.yaml --run-id=CarDriving84",
        "mlagents_version": "0.30.0",
        "mlagents_envs_version": "0.30.0",
        "communication_protocol_version": "1.5.0",
        "pytorch_version": "2.2.2+cpu",
        "numpy_version": "1.21.2",
        "end_time_seconds": "1713023805"
    },
    "total": 409.54153579999996,
    "count": 1,
    "self": 0.008449299999995219,
    "children": {
        "run_training.setup": {
            "total": 0.06459670000000006,
            "count": 1,
            "self": 0.06459670000000006
        },
        "TrainerController.start_learning": {
            "total": 409.4684898,
            "count": 1,
            "self": 0.5152581999940935,
            "children": {
                "TrainerController._reset_env": {
                    "total": 5.9065511,
                    "count": 1,
                    "self": 5.9065511
                },
                "TrainerController.advance": {
                    "total": 402.9740909000059,
                    "count": 25557,
                    "self": 0.4866355000082194,
                    "children": {
                        "env_step": {
                            "total": 232.4328821999975,
                            "count": 25557,
                            "self": 190.06696779999416,
                            "children": {
                                "SubprocessEnvManager._take_step": {
                                    "total": 42.049821900000026,
                                    "count": 25557,
                                    "self": 1.5325220000034605,
                                    "children": {
                                        "TorchPolicy.evaluate": {
                                            "total": 40.517299899996566,
                                            "count": 25038,
                                            "self": 40.517299899996566
                                        }
                                    }
                                },
                                "workers": {
                                    "total": 0.31609250000331013,
                                    "count": 25557,
                                    "self": 0.0,
                                    "children": {
                                        "worker_root": {
                                            "total": 403.32111699999814,
                                            "count": 25557,
                                            "is_parallel": true,
                                            "self": 250.30397929999648,
                                            "children": {
                                                "steps_from_proto": {
                                                    "total": 0.00044540000000026225,
                                                    "count": 1,
                                                    "is_parallel": true,
                                                    "self": 0.00014669999999927796,