{
    "name": "root",
    "gauges": {
        "Car.Policy.Entropy.mean": {
            "value": 2.092797040939331,
            "min": 2.092797040939331,
            "max": 2.1970529556274414,
            "count": 26
        },
        "Car.Policy.Entropy.sum": {
            "value": 21283.74609375,
            "min": 20817.77734375,
            "max": 23859.177734375,
            "count": 26
        },
        "Car.Environment.EpisodeLength.mean": {
            "value": 132.36764705882354,
            "min": 66.18543046357615,
            "max": 132.36764705882354,
            "count": 26
        },
        "Car.Environment.EpisodeLength.sum": {
            "value": 9001.0,
            "min": 9001.0,
            "max": 10167.0,
            "count": 26
        },
        "Car.Step.mean": {
            "value": 259982.0,
            "min": 9993.0,
            "max": 259982.0,
            "count": 26
        },
        "Car.Step.sum": {
            "value": 259982.0,
            "min": 9993.0,
            "max": 259982.0,
            "count": 26
        },
        "Car.Policy.ExtrinsicValueEstimate.mean": {
            "value": -6.119873523712158,
            "min": -6.463640213012695,
            "max": 0.082088403403759,
            "count": 26
        },
        "Car.Policy.ExtrinsicValueEstimate.sum": {
            "value": -1193.3753662109375,
            "min": -1343.09521484375,
            "max": 17.07438850402832,
            "count": 26
        },
        "Car.Environment.CumulativeReward.mean": {
            "value": -8.77173843893452,
            "min": -12.11143249184338,
            "max": -8.77173843893452,
            "count": 26
        },
        "Car.Environment.CumulativeReward.sum": {
            "value": -605.2499522864819,
            "min": -1811.415950536728,
            "max": -605.2499522864819,
            "count": 26
        },
        "Car.Policy.ExtrinsicReward.mean": {
            "value": -8.77173843893452,
            "min": -12.11143249184338,
            "max": -8.77173843893452,
            "count": 26
        },
        "Car.Policy.ExtrinsicReward.sum": {
            "value": -605.2499522864819,
            "min": -1811.415950536728,
            "max": -605.2499522864819,
            "count": 26
        },
        "Car.IsTraining.mean": {
            "value": 1.0,
            "min": 1.0,
            "max": 1.0,
            "count": 26
        },
        "Car.IsTraining.sum": {
            "value": 1.0,
            "min": 1.0,
            "max": 1.0,
            "count": 26
        },
        "Car.Losses.PolicyLoss.mean": {
            "value": 0.02244781565483815,
            "min": 0.020876590789218122,
            "max": 0.026596094951188812,
            "count": 6
        },
        "Car.Losses.PolicyLoss.sum": {
            "value": 0.02244781565483815,
            "min": 0.020876590789218122,
            "max": 0.026596094951188812,
            "count": 6
        },
        "Car.Losses.ValueLoss.mean": {
            "value": 3.322816216945648,
            "min": 3.322816216945648,
            "max": 23.57288762728373,
            "count": 6
        },
        "Car.Losses.ValueLoss.sum": {
            "value": 3.322816216945648,
            "min": 3.322816216945648,
            "max": 23.57288762728373,
            "count": 6
        },
        "Car.Policy.LearningRate.mean": {
            "value": 0.00015244084918639996,
            "min": 0.00015244084918639996,
            "max": 0.0002754126081958001,
            "count": 6
        },
        "Car.Policy.LearningRate.sum": {
            "value": 0.00015244084918639996,
            "min": 0.00015244084918639996,
            "max": 0.0002754126081958001,
            "count": 6
        },
        "Car.Policy.Epsilon.mean": {
            "value": 0.15081359999999996,
            "min": 0.15081359999999996,
            "max": 0.1918042,
            "count": 6
        },
        "Car.Policy.Epsilon.sum": {
            "value": 0.15081359999999996,
            "min": 0.15081359999999996,
            "max": 0.1918042,
            "count": 6
        },
        "Car.Policy.Beta.mean": {
            "value": 0.0005130546399999999,
            "min": 0.0005130546399999999,
            "max": 0.0009188615799999998,
            "count": 6
        },
        "Car.Policy.Beta.sum": {
            "value": 0.0005130546399999999,
            "min": 0.0005130546399999999,
            "max": 0.0009188615799999998,
            "count": 6
        }
    },
    "metadata": {
        "timer_format_version": "0.1.0",
        "start_time_seconds": "1713111663",
        "python_version": "3.9.11 (main, Mar 30 2022, 02:45:55) [MSC v.1916 64 bit (AMD64)]",
        "command_line_arguments": "C:\\Users\\User\\miniconda3\\envs\\mlagents\\Scripts\\mlagents-learn Car.yaml --run-id=CarDriving121",
        "mlagents_version": "0.30.0",
        "mlagents_envs_version": "0.30.0",
        "communication_protocol_version": "1.5.0",
        "pytorch_version": "2.2.2+cpu",
        "numpy_version": "1.21.2",
        "end_time_seconds": "1713111859"
    },
    "total": 196.3142157,
    "count": 1,
    "self": 0.006539000000003625,
    "children": {
        "run_training.setup": {
            "total": 0.06857970000000013,
            "count": 1,
            "self": 0.06857970000000013
        },
        "TrainerController.start_learning": {
            "total": 196.23909700000002,
            "count": 1,
            "self": 0.22810019999820952,
            "children": {
                "TrainerController._reset_env": {
                    "total": 5.79786,
                    "count": 1,
                    "self": 5.79786
                },
                "TrainerController.advance": {
                    "total": 190.08229440000179,
                    "count": 11081,
                    "self": 0.2205436000001555,
                    "children": {
                        "env_step": {
                            "total": 98.95690090000038,
                            "count": 11081,
                            "self": 82.79333340000025,
                            "children": {
                                "SubprocessEnvManager._take_step": {
                                    "total": 16.028189699999686,
                                    "count": 11081,
                                    "self": 0.7557898999998827,
                                    "children": {
                                        "TorchPolicy.evaluate": {
                                            "total": 15.272399799999803,
                                            "count": 8881,
                                            "self": 15.272399799999803
                                        }
                                    }
                                },
                                "workers": {
                                    "total": 0.1353778000004464,
                                    "count": 11080,
                                    "self": 0.0,
                                    "children": {
                                        "worker_root": {
                                            "total": 186.62851420000115,
                                            "count": 11080,
                                            "is_parallel": true,
                                            "self": 127.45550430000011,
                                            "children": {
                                                "steps_from_proto": {
                                                    "total": 0.00047189999999996957,
                                                    "count": 1,
                                                    "is_parallel": true,
                                                    "self": 0.00014750000000063324,