{
    "name": "root",
    "gauges": {
        "Car.Policy.Entropy.mean": {
            "value": 1.2943345308303833,
            "min": 1.2858211994171143,
            "max": 2.1967461109161377,
            "count": 50
        },
        "Car.Policy.Entropy.sum": {
            "value": 12960.171875,
            "min": 12873.115234375,
            "max": 22705.568359375,
            "count": 50
        },
        "Car.Step.mean": {
            "value": 499981.0,
            "min": 9952.0,
            "max": 499981.0,
            "count": 50
        },
        "Car.Step.sum": {
            "value": 499981.0,
            "min": 9952.0,
            "max": 499981.0,
            "count": 50
        },
        "Car.Policy.ExtrinsicValueEstimate.mean": {
            "value": 9.066956520080566,
            "min": -0.43720754981040955,
            "max": 9.18793773651123,
            "count": 50
        },
        "Car.Policy.ExtrinsicValueEstimate.sum": {
            "value": 1985.66357421875,
            "min": -73.88807678222656,
            "max": 2094.70947265625,
            "count": 50
        },
        "Car.Environment.EpisodeLength.mean": {
            "value": 91.8,
            "min": 86.98260869565217,
            "max": 239.0,
            "count": 50
        },
        "Car.Environment.EpisodeLength.sum": {
            "value": 9639.0,
            "min": 7950.0,
            "max": 12189.0,
            "count": 50
        },
        "Car.Environment.CumulativeReward.mean": {
            "value": 18.49660456152457,
            "min": -4.752940778346622,
            "max": 19.11547447087472,
            "count": 50
        },
        "Car.Environment.CumulativeReward.sum": {
            "value": 1960.6400835216045,
            "min": -172.79998674988747,
            "max": 2179.164089679718,
            "count": 50
        },
        "Car.Policy.ExtrinsicReward.mean": {
            "value": 18.49660456152457,
            "min": -4.752940778346622,
            "max": 19.11547447087472,
            "count": 50
        },
        "Car.Policy.ExtrinsicReward.sum": {
            "value": 1960.6400835216045,
            "min": -172.79998674988747,
            "max": 2179.164089679718,
            "count": 50
        },
        "Car.IsTraining.mean": {
            "value": 1.0,
            "min": 1.0,
            "max": 1.0,
            "count": 50
        },
        "Car.IsTraining.sum": {
            "value": 1.0,
            "min": 1.0,
            "max": 1.0,
            "count": 50
        },
        "Car.Losses.PolicyLoss.mean": {
            "value": 0.03388276939125111,
            "min": 0.03040885479810337,
            "max": 0.039274058208187544,
            "count": 24
        },
        "Car.Losses.PolicyLoss.sum": {
            "value": 0.03388276939125111,
            "min": 0.03040885479810337,
            "max": 0.039274058208187544,
            "count": 24
        },
        "Car.Losses.ValueLoss.mean": {
            "value": 12.81829125881195,
            "min": 0.2897236984435136,
            "max": 12.81829125881195,
            "count": 24
        },
        "Car.Losses.ValueLoss.sum": {
            "value": 12.81829125881195,
            "min": 0.2897236984435136,
            "max": 12.81829125881195,
            "count": 24
        },
        "Car.Policy.LearningRate.mean": {
            "value": 2.4750991749999927e-06,
            "min": 2.4750991749999927e-06,
            "max": 0.00028710720429760004,
            "count": 24
        },
        "Car.Policy.LearningRate.sum": {
            "value": 2.4750991749999927e-06,
            "min": 2.4750991749999927e-06,
            "max": 0.00028710720429760004,
            "count": 24
        },
        "Car.Policy.Epsilon.mean": {
            "value": 0.10082499999999996,
            "min": 0.10082499999999996,
            "max": 0.19570239999999997,
            "count": 24
        },
        "Car.Policy.Epsilon.sum": {
            "value": 0.10082499999999996,
            "min": 0.10082499999999996,
            "max": 0.19570239999999997,
            "count": 24
        },
        "Car.Policy.Beta.mean": {
            "value": 1.816749999999998e-05,
            "min": 1.816749999999998e-05,
            "max": 0.0009574537600000006,
            "count": 24
        },
        "Car.Policy.Beta.sum": {
            "value": 1.816749999999998e-05,
            "min": 1.816749999999998e-05,
            "max": 0.0009574537600000006,
            "count": 24
        }
    },
    "metadata": {
        "timer_format_version": "0.1.0",
        "start_time_seconds": "1712923928",
        "python_version": "3.9.11 (main, Mar 30 2022, 02:45:55) [MSC v.1916 64 bit (AMD64)]",
        "command_line_arguments": "C:\\Users\\User\\miniconda3\\envs\\mlagents\\Scripts\\mlagents-learn Car.yaml --run-id=CarDrining46",
        "mlagents_version": "0.30.0",
        "mlagents_envs_version": "0.30.0",
        "communication_protocol_version": "1.5.0",
        "pytorch_version": "2.2.2+cpu",
        "numpy_version": "1.21.2",
        "end_time_seconds": "1712924201"
    },
    "total": 273.1330633,
    "count": 1,
    "self": 0.008389299999976174,
    "children": {
        "run_training.setup": {
            "total": 0.055128500000000136,
            "count": 1,
            "self": 0.055128500000000136
        },
        "TrainerController.start_learning": {
            "total": 273.0695455,
            "count": 1,
            "self": 0.39567710000369516,
            "children": {
                "TrainerController._reset_env": {
                    "total": 9.0145746,
                    "count": 1,
                    "self": 9.0145746
                },
                "TrainerController.advance": {
                    "total": 263.61513759999633,
                    "count": 32285,
                    "self": 0.3650674999918806,
                    "children": {
                        "env_step": {
                            "total": 159.57048830000286,
                            "count": 32285,
                            "self": 133.88268050000278,
                            "children": {
                                "SubprocessEnvManager._take_step": {
                                    "total": 25.449543999999932,
                                    "count": 32285,
                                    "self": 1.1262040999979455,
                                    "children": {
                                        "TorchPolicy.evaluate": {
                                            "total": 24.323339900001987,
                                            "count": 29441,
                                            "self": 24.323339900001987
                                        }
                                    }
                                },
                                "workers": {
                                    "total": 0.23826380000014424,
                                    "count": 32285,
                                    "self": 0.0,
                                    "children": {
                                        "worker_root": {
                                            "total": 264.0240006000019,
                                            "count": 32285,
                                            "is_parallel": true,
                                            "self": 153.26589539999972,
                                            "children": {
                                                "steps_from_proto": {
                                                    "total": 0.0004901000000003819,
                                                    "count": 1,
                                                    "is_parallel": true,
                                                    "self": 0.00016459999999973718,