{
    "name": "root",
    "gauges": {
        "Car.Policy.Entropy.mean": {
            "value": 1.1879802942276,
            "min": 1.1879802942276,
            "max": 2.19706654548645,
            "count": 100
        },
        "Car.Policy.Entropy.sum": {
            "value": 11761.0048828125,
            "min": 11761.0048828125,
            "max": 25309.26171875,
            "count": 100
        },
        "Car.Step.mean": {
            "value": 999952.0,
            "min": 9984.0,
            "max": 999952.0,
            "count": 100
        },
        "Car.Step.sum": {
            "value": 999952.0,
            "min": 9984.0,
            "max": 999952.0,
            "count": 100
        },
        "Car.Policy.ExtrinsicValueEstimate.mean": {
            "value": 18.513517379760742,
            "min": -0.944884717464447,
            "max": 18.513517379760742,
            "count": 100
        },
        "Car.Policy.ExtrinsicValueEstimate.sum": {
            "value": 3091.75732421875,
            "min": -159.32872009277344,
            "max": 3091.75732421875,
            "count": 100
        },
        "Car.IsTraining.mean": {
            "value": 1.0,
            "min": 1.0,
            "max": 1.0,
            "count": 100
        },
        "Car.IsTraining.sum": {
            "value": 1.0,
            "min": 1.0,
            "max": 1.0,
            "count": 100
        },
        "Car.Environment.EpisodeLength.mean": {
            "value": 570.1111111111111,
            "min": 353.0952380952381,
            "max": 599.0,
            "count": 99
        },
        "Car.Environment.EpisodeLength.sum": {
            "value": 10262.0,
            "min": 915.0,
            "max": 17784.0,
            "count": 99
        },
        "Car.Environment.CumulativeReward.mean": {
            "value": 131.99293440166446,
            "min": -23.525516241788864,
            "max": 139.16937725444635,
            "count": 99
        },
        "Car.Environment.CumulativeReward.sum": {
            "value": 2375.8728192299604,
            "min": -595.2754469811916,
            "max": 2859.9611117094755,
            "count": 99
        },
        "Car.Policy.ExtrinsicReward.mean": {
            "value": 131.99293440166446,
            "min": -23.525516241788864,
            "max": 139.16937725444635,
            "count": 99
        },
        "Car.Policy.ExtrinsicReward.sum": {
            "value": 2375.8728192299604,
            "min": -595.2754469811916,
            "max": 2859.9611117094755,
            "count": 99
        },
        "Car.Losses.PolicyLoss.mean": {
            "value": 0.024191395074982816,
            "min": 0.022092529630754143,
            "max": 0.028331921975283572,
            "count": 24
        },
        "Car.Losses.PolicyLoss.sum": {
            "value": 0.024191395074982816,
            "min": 0.022092529630754143,
            "max": 0.028331921975283572,
            "count": 24
        },
        "Car.Losses.ValueLoss.mean": {
            "value": 31.43306123415629,
            "min": 0.9323060989379883,
            "max": 31.43306123415629,
            "count": 24
        },
        "Car.Losses.ValueLoss.sum": {
            "value": 31.43306123415629,
            "min": 0.9323060989379883,
            "max": 31.43306123415629,
            "count": 24
        },
        "Car.Policy.LearningRate.mean": {
            "value": 4.494398501900006e-06,
            "min": 4.494398501900006e-06,
            "max": 0.00028751670416109996,
            "count": 24
        },
        "Car.Policy.LearningRate.sum": {
            "value": 4.494398501900006e-06,
            "min": 4.494398501900006e-06,
            "max": 0.00028751670416109996,
            "count": 24
        },
        "Car.Policy.Epsilon.mean": {
            "value": 0.10149809999999998,
            "min": 0.10149809999999998,
            "max": 0.1958389,
            "count": 24
        },
        "Car.Policy.Epsilon.sum": {
            "value": 0.10149809999999998,
            "min": 0.10149809999999998,
            "max": 0.1958389,
            "count": 24
        },
        "Car.Policy.Beta.mean": {
            "value": 2.483119000000002e-05,
            "min": 2.483119000000002e-05,
            "max": 0.0009588051100000004,
            "count": 24
        },
        "Car.Policy.Beta.sum": {
            "value": 2.483119000000002e-05,
            "min": 2.483119000000002e-05,
            "max": 0.0009588051100000004,
            "count": 24
        }
    },
    "metadata": {
        "timer_format_version": "0.1.0",
        "start_time_seconds": "1713035560",
        "python_version": "3.9.11 (main, Mar 30 2022, 02:45:55) [MSC v.1916 64 bit (AMD64)]",
        "command_line_arguments": "C:\\Users\\User\\miniconda3\\envs\\mlagents\\Scripts\\mlagents-learn Car.yaml --run-id=CarDriving110",
        "mlagents_version": "0.30.0",
        "mlagents_envs_version": "0.30.0",
        "communication_protocol_version": "1.5.0",
        "pytorch_version": "2.2.2+cpu",
        "numpy_version": "1.21.2",
        "end_time_seconds": "1713036226"
    },
    "total": 665.8926704999999,
    "count": 1,
    "self": 0.004124599999840939,
    "children": {
        "run_training.setup": {
            "total": 0.0628985999999998,
            "count": 1,
            "self": 0.0628985999999998
        },
        "TrainerController.start_learning": {
            "total": 665.8256473,
            "count": 1,
            "self": 0.7088969000024008,
            "children": {
                "TrainerController._reset_env": {
                    "total": 6.7628854,
                    "count": 1,
                    "self": 6.7628854
                },
                "TrainerController.advance": {
                    "total": 658.3131589999975,
                    "count": 34805,
                    "self": 0.6694092000136607,
                    "children": {
                        "env_step": {
                            "total": 336.4201421999919,
                            "count": 34805,
                            "self": 279.98578559999083,
                            "children": {
                                "SubprocessEnvManager._take_step": {
                                    "total": 56.00339890000284,
                                    "count": 34805,
                                    "self": 2.5025746000037685,
                                    "children": {
                                        "TorchPolicy.evaluate": {
                                            "total": 53.500824299999074,
                                            "count": 33363,
                                            "self": 53.500824299999074
                                        }
                                    }
                                },
                                "workers": {
                                    "total": 0.4309576999982241,
                                    "count": 34805,
                                    "self": 0.0,
                                    "children": {
                                        "worker_root": {
                                            "total": 658.6946866999941,
                                            "count": 34805,
                                            "is_parallel": true,
                                            "self": 440.0530950999978,
                                            "children": {
                                                "steps_from_proto": {
                                                    "total": 0.0005231999999999459,
                                                    "count": 1,
                                                    "is_parallel": true,
                                                    "self": 0.0001572999999996938,