{
    "name": "root",
    "gauges": {
        "Car.Policy.Entropy.mean": {
            "value": 1.197534441947937,
            "min": 1.196091890335083,
            "max": 2.1970152854919434,
            "count": 50
        },
        "Car.Policy.Entropy.sum": {
            "value": 11496.330078125,
            "min": 11496.330078125,
            "max": 23902.57421875,
            "count": 50
        },
        "Car.Step.mean": {
            "value": 499968.0,
            "min": 9984.0,
            "max": 499968.0,
            "count": 50
        },
        "Car.Step.sum": {
            "value": 499968.0,
            "min": 9984.0,
            "max": 499968.0,
            "count": 50
        },
        "Car.Policy.ExtrinsicValueEstimate.mean": {
            "value": 12.034669876098633,
            "min": -1.5053304433822632,
            "max": 12.338688850402832,
            "count": 50
        },
        "Car.Policy.ExtrinsicValueEstimate.sum": {
            "value": 1997.755126953125,
            "min": -249.88485717773438,
            "max": 2060.56103515625,
            "count": 50
        },
        "Car.Environment.EpisodeLength.mean": {
            "value": 239.0,
            "min": 239.0,
            "max": 239.0,
            "count": 50
        },
        "Car.Environment.EpisodeLength.sum": {
            "value": 9560.0,
            "min": 9560.0,
            "max": 14340.0,
            "count": 50
        },
        "Car.Environment.CumulativeReward.mean": {
            "value": 41.82500173076987,
            "min": -17.899998203665017,
            "max": 45.81951400783004,
            "count": 50
        },
        "Car.Environment.CumulativeReward.sum": {
            "value": 1673.000069230795,
            "min": -715.9999281466007,
            "max": 2105.8000913858414,
            "count": 50
        },
        "Car.Policy.ExtrinsicReward.mean": {
            "value": 41.82500173076987,
            "min": -17.899998203665017,
            "max": 45.81951400783004,
            "count": 50
        },
        "Car.Policy.ExtrinsicReward.sum": {
            "value": 1673.000069230795,
            "min": -715.9999281466007,
            "max": 2105.8000913858414,
            "count": 50
        },
        "Car.IsTraining.mean": {
            "value": 1.0,
            "min": 1.0,
            "max": 1.0,
            "count": 50
        },
        "Car.IsTraining.sum": {
            "value": 1.0,
            "min": 1.0,
            "max": 1.0,
            "count": 50
        },
        "Car.Losses.PolicyLoss.mean": {
            "value": 0.033919456305854495,
            "min": 0.030270807066462874,
            "max": 0.041275128025591856,
            "count": 23
        },
        "Car.Losses.PolicyLoss.sum": {
            "value": 0.033919456305854495,
            "min": 0.030270807066462874,
            "max": 0.041275128025591856,
            "count": 23
        },
        "Car.Losses.ValueLoss.mean": {
            "value": 25.02627902560764,
            "min": 3.64079575500791,
            "max": 25.02627902560764,
            "count": 23
        },
        "Car.Losses.ValueLoss.sum": {
            "value": 25.02627902560764,
            "min": 3.64079575500791,
            "max": 25.02627902560764,
            "count": 23
        },
        "Car.Policy.LearningRate.mean": {
            "value": 1.8240993919999923e-06,
            "min": 1.8240993919999923e-06,
            "max": 0.000286944004352,
            "count": 23
        },
        "Car.Policy.LearningRate.sum": {
            "value": 1.8240993919999923e-06,
            "min": 1.8240993919999923e-06,
            "max": 0.000286944004352,
            "count": 23
        },
        "Car.Policy.Epsilon.mean": {
            "value": 0.10060799999999999,
            "min": 0.10060799999999999,
            "max": 0.1956479999999999,
            "count": 23
        },
        "Car.Policy.Epsilon.sum": {
            "value": 0.10060799999999999,
            "min": 0.10060799999999999,
            "max": 0.1956479999999999,
            "count": 23
        },
        "Car.Policy.Beta.mean": {
            "value": 1.6019199999999974e-05,
            "min": 1.6019199999999974e-05,
            "max": 0.0009569152000000002,
            "count": 23
        },
        "Car.Policy.Beta.sum": {
            "value": 1.6019199999999974e-05,
            "min": 1.6019199999999974e-05,
            "max": 0.0009569152000000002,
            "count": 23
        }
    },
    "metadata": {
        "timer_format_version": "0.1.0",
        "start_time_seconds": "1712984725",
        "python_version": "3.9.11 (main, Mar 30 2022, 02:45:55) [MSC v.1916 64 bit (AMD64)]",
        "command_line_arguments": "C:\\Users\\User\\miniconda3\\envs\\mlagents\\Scripts\\mlagents-learn Car.yaml --run-id=CarDrining50",
        "mlagents_version": "0.30.0",
        "mlagents_envs_version": "0.30.0",
        "communication_protocol_version": "1.5.0",
        "pytorch_version": "2.2.2+cpu",
        "numpy_version": "1.21.2",
        "end_time_seconds": "1712984982"
    },
    "total": 257.673787,
    "count": 1,
    "self": 0.008756099999970957,
    "children": {
        "run_training.setup": {
            "total": 0.0641077000000001,
            "count": 1,
            "self": 0.0641077000000001
        },
        "TrainerController.start_learning": {
            "total": 257.6009232,
            "count": 1,
            "self": 0.29381419999845093,
            "children": {
                "TrainerController._reset_env": {
                    "total": 6.688523399999999,
                    "count": 1,
                    "self": 6.688523399999999
                },
                "TrainerController.advance": {
                    "total": 250.5751339000015,
                    "count": 25024,
                    "self": 0.31119080000289046,
                    "children": {
                        "env_step": {
                            "total": 162.9183753000007,
                            "count": 25024,
                            "self": 137.61553770000177,
                            "children": {
                                "SubprocessEnvManager._take_step": {
                                    "total": 25.1052204000002,
                                    "count": 25024,
                                    "self": 0.9210654000001313,
                                    "children": {
                                        "TorchPolicy.evaluate": {
                                            "total": 24.184155000000068,
                                            "count": 25024,
                                            "self": 24.184155000000068
                                        }
                                    }
                                },
                                "workers": {
                                    "total": 0.19761719999872085,
                                    "count": 25024,
                                    "self": 0.0,
                                    "children": {
                                        "worker_root": {
                                            "total": 250.93604759999965,
                                            "count": 25024,
                                            "is_parallel": true,
                                            "self": 132.56114510000177,
                                            "children": {
                                                "steps_from_proto": {
                                                    "total": 0.00040090000000070347,
                                                    "count": 1,
                                                    "is_parallel": true,
                                                    "self": 0.00013310000000110733,