{
    "name": "root",
    "gauges": {
        "Car.Policy.Entropy.mean": {
            "value": 1.5534706115722656,
            "min": 1.5534706115722656,
            "max": 2.1970791816711426,
            "count": 50
        },
        "Car.Policy.Entropy.sum": {
            "value": 16653.205078125,
            "min": 15261.5322265625,
            "max": 23552.689453125,
            "count": 50
        },
        "Car.Step.mean": {
            "value": 499936.0,
            "min": 9984.0,
            "max": 499936.0,
            "count": 50
        },
        "Car.Step.sum": {
            "value": 499936.0,
            "min": 9984.0,
            "max": 499936.0,
            "count": 50
        },
        "Car.Policy.ExtrinsicValueEstimate.mean": {
            "value": 6.159415245056152,
            "min": -0.4709123969078064,
            "max": 6.2418646812438965,
            "count": 50
        },
        "Car.Policy.ExtrinsicValueEstimate.sum": {
            "value": 1034.78173828125,
            "min": -79.11328125,
            "max": 1034.78173828125,
            "count": 50
        },
        "Car.IsTraining.mean": {
            "value": 1.0,
            "min": 1.0,
            "max": 1.0,
            "count": 50
        },
        "Car.IsTraining.sum": {
            "value": 1.0,
            "min": 1.0,
            "max": 1.0,
            "count": 50
        },
        "Car.Environment.EpisodeLength.mean": {
            "value": 599.0,
            "min": 599.0,
            "max": 599.0,
            "count": 41
        },
        "Car.Environment.EpisodeLength.sum": {
            "value": 11980.0,
            "min": 11980.0,
            "max": 11980.0,
            "count": 41
        },
        "Car.Environment.CumulativeReward.mean": {
            "value": 54.2000040218234,
            "min": -10.624999006092548,
            "max": 54.2000040218234,
            "count": 49
        },
        "Car.Environment.CumulativeReward.sum": {
            "value": 1084.0000804364681,
            "min": -212.49998012185097,
            "max": 1084.0000804364681,
            "count": 49
        },
        "Car.Policy.ExtrinsicReward.mean": {
            "value": 54.2000040218234,
            "min": -10.624999006092548,
            "max": 54.2000040218234,
            "count": 49
        },
        "Car.Policy.ExtrinsicReward.sum": {
            "value": 1084.0000804364681,
            "min": -212.49998012185097,
            "max": 1084.0000804364681,
            "count": 49
        },
        "Car.Losses.PolicyLoss.mean": {
            "value": 0.03637332082920087,
            "min": 0.031575751367850395,
            "max": 0.03942655890326326,
            "count": 23
        },
        "Car.Losses.PolicyLoss.sum": {
            "value": 0.03637332082920087,
            "min": 0.031575751367850395,
            "max": 0.03942655890326326,
            "count": 23
        },
        "Car.Losses.ValueLoss.mean": {
            "value": 5.304188772042592,
            "min": 0.3310944596926371,
            "max": 5.556908643245697,
            "count": 23
        },
        "Car.Losses.ValueLoss.sum": {
            "value": 5.304188772042592,
            "min": 0.3310944596926371,
            "max": 5.556908643245697,
            "count": 23
        },
        "Car.Policy.LearningRate.mean": {
            "value": 5.856098047999995e-06,
            "min": 5.856098047999995e-06,
            "max": 0.000287424004192,
            "count": 23
        },
        "Car.Policy.LearningRate.sum": {
            "value": 5.856098047999995e-06,
            "min": 5.856098047999995e-06,
            "max": 0.000287424004192,
            "count": 23
        },
        "Car.Policy.Epsilon.mean": {
            "value": 0.10195200000000003,
            "min": 0.10195200000000003,
            "max": 0.195808,
            "count": 23
        },
        "Car.Policy.Epsilon.sum": {
            "value": 0.10195200000000003,
            "min": 0.10195200000000003,
            "max": 0.195808,
            "count": 23
        },
        "Car.Policy.Beta.mean": {
            "value": 2.9324799999999994e-05,
            "min": 2.9324799999999994e-05,
            "max": 0.0009584992000000003,
            "count": 23
        },
        "Car.Policy.Beta.sum": {
            "value": 2.9324799999999994e-05,
            "min": 2.9324799999999994e-05,
            "max": 0.0009584992000000003,
            "count": 23
        }
    },
    "metadata": {
        "timer_format_version": "0.1.0",
        "start_time_seconds": "1713005574",
        "python_version": "3.9.11 (main, Mar 30 2022, 02:45:55) [MSC v.1916 64 bit (AMD64)]",
        "command_line_arguments": "C:\\Users\\User\\miniconda3\\envs\\mlagents\\Scripts\\mlagents-learn Car.yaml --run-id=CarDrining60",
        "mlagents_version": "0.30.0",
        "mlagents_envs_version": "0.30.0",
        "communication_protocol_version": "1.5.0",
        "pytorch_version": "2.2.2+cpu",
        "numpy_version": "1.21.2",
        "end_time_seconds": "1713005974"
    },
    "total": 400.02488139999997,
    "count": 1,
    "self": 0.00971789999999828,
    "children": {
        "run_training.setup": {
            "total": 0.06950140000000005,
            "count": 1,
            "self": 0.06950140000000005
        },
        "TrainerController.start_learning": {
            "total": 399.9456621,
            "count": 1,
            "self": 0.4697488999975121,
            "children": {
                "TrainerController._reset_env": {
                    "total": 6.1350256,
                    "count": 1,
                    "self": 6.1350256
                },
                "TrainerController.advance": {
                    "total": 393.2580182000025,
                    "count": 25048,
                    "self": 0.48217029999597116,
                    "children": {
                        "env_step": {
                            "total": 219.43944280000224,
                            "count": 25048,
                            "self": 172.87939200000466,
                            "children": {
                                "SubprocessEnvManager._take_step": {
                                    "total": 46.24296229999855,
                                    "count": 25048,
                                    "self": 1.5648674000002387,
                                    "children": {
                                        "TorchPolicy.evaluate": {
                                            "total": 44.678094899998314,
                                            "count": 25048,
                                            "self": 44.678094899998314
                                        }
                                    }
                                },
                                "workers": {
                                    "total": 0.3170884999990147,
                                    "count": 25048,
                                    "self": 0.0,
                                    "children": {
                                        "worker_root": {
                                            "total": 393.5435379999983,
                                            "count": 25048,
                                            "is_parallel": true,
                                            "self": 257.7690638999981,
                                            "children": {
                                                "steps_from_proto": {
                                                    "total": 0.00039140000000070785,
                                                    "count": 1,
                                                    "is_parallel": true,
                                                    "self": 0.00013520000000077914,