{
    "name": "root",
    "gauges": {
        "Car.Policy.Entropy.mean": {
            "value": 2.1888866424560547,
            "min": 2.1888866424560547,
            "max": 2.1967382431030273,
            "count": 4
        },
        "Car.Policy.Entropy.sum": {
            "value": 21853.84375,
            "min": 21853.84375,
            "max": 22213.416015625,
            "count": 4
        },
        "Car.Step.mean": {
            "value": 39984.0,
            "min": 9984.0,
            "max": 39984.0,
            "count": 4
        },
        "Car.Step.sum": {
            "value": 39984.0,
            "min": 9984.0,
            "max": 39984.0,
            "count": 4
        },
        "Car.Policy.ExtrinsicValueEstimate.mean": {
            "value": -0.5056405663490295,
            "min": -0.5056405663490295,
            "max": -0.1202053651213646,
            "count": 4
        },
        "Car.Policy.ExtrinsicValueEstimate.sum": {
            "value": -84.44197082519531,
            "min": -84.44197082519531,
            "max": -19.954090118408203,
            "count": 4
        },
        "Car.Environment.EpisodeLength.mean": {
            "value": 239.0,
            "min": 239.0,
            "max": 239.0,
            "count": 4
        },
        "Car.Environment.EpisodeLength.sum": {
            "value": 11472.0,
            "min": 9560.0,
            "max": 11472.0,
            "count": 4
        },
        "Car.Environment.CumulativeReward.mean": {
            "value": -0.8146339211522079,
            "min": -4.349999762326479,
            "max": -0.8146339211522079,
            "count": 4
        },
        "Car.Environment.CumulativeReward.sum": {
            "value": -33.399990767240524,
            "min": -173.99999049305916,
            "max": -33.399990767240524,
            "count": 4
        },
        "Car.Policy.ExtrinsicReward.mean": {
            "value": -0.8146339211522079,
            "min": -4.349999762326479,
            "max": -0.8146339211522079,
            "count": 4
        },
        "Car.Policy.ExtrinsicReward.sum": {
            "value": -33.399990767240524,
            "min": -173.99999049305916,
            "max": -33.399990767240524,
            "count": 4
        },
        "Car.IsTraining.mean": {
            "value": 1.0,
            "min": 1.0,
            "max": 1.0,
            "count": 4
        },
        "Car.IsTraining.sum": {
            "value": 1.0,
            "min": 1.0,
            "max": 1.0,
            "count": 4
        },
        "Car.Losses.PolicyLoss.mean": {
            "value": 0.03344348854734562,
            "min": 0.03344348854734562,
            "max": 0.03344348854734562,
            "count": 1
        },
        "Car.Losses.PolicyLoss.sum": {
            "value": 0.03344348854734562,
            "min": 0.03344348854734562,
            "max": 0.03344348854734562,
            "count": 1
        },
        "Car.Losses.ValueLoss.mean": {
            "value": 0.5047280048330625,
            "min": 0.5047280048330625,
            "max": 0.5047280048330625,
            "count": 1
        },
        "Car.Losses.ValueLoss.sum": {
            "value": 0.5047280048330625,
            "min": 0.5047280048330625,
            "max": 0.5047280048330625,
            "count": 1
        },
        "Car.Policy.LearningRate.mean": {
            "value": 0.0002875584041472,
            "min": 0.0002875584041472,
            "max": 0.0002875584041472,
            "count": 1
        },
        "Car.Policy.LearningRate.sum": {
            "value": 0.0002875584041472,
            "min": 0.0002875584041472,
            "max": 0.0002875584041472,
            "count": 1
        },
        "Car.Policy.Epsilon.mean": {
            "value": 0.19585279999999997,
            "min": 0.19585279999999997,
            "max": 0.19585279999999997,
            "count": 1
        },
        "Car.Policy.Epsilon.sum": {
            "value": 0.19585279999999997,
            "min": 0.19585279999999997,
            "max": 0.19585279999999997,
            "count": 1
        },
        "Car.Policy.Beta.mean": {
            "value": 0.0009589427199999998,
            "min": 0.0009589427199999998,
            "max": 0.0009589427199999998,
            "count": 1
        },
        "Car.Policy.Beta.sum": {
            "value": 0.0009589427199999998,
            "min": 0.0009589427199999998,
            "max": 0.0009589427199999998,
            "count": 1
        }
    },
    "metadata": {
        "timer_format_version": "0.1.0",
        "start_time_seconds": "1712915803",
        "python_version": "3.9.11 (main, Mar 30 2022, 02:45:55) [MSC v.1916 64 bit (AMD64)]",
        "command_line_arguments": "C:\\Users\\User\\miniconda3\\envs\\mlagents\\Scripts\\mlagents-learn Car.yaml --run-id=CarDrining31",
        "mlagents_version": "0.30.0",
        "mlagents_envs_version": "0.30.0",
        "communication_protocol_version": "1.5.0",
        "pytorch_version": "2.2.2+cpu",
        "numpy_version": "1.21.2",
        "end_time_seconds": "1712915860"
    },
    "total": 56.861052900000004,
    "count": 1,
    "self": 0.003295300000004886,
    "children": {
        "run_training.setup": {
            "total": 0.06306939999999983,
            "count": 1,
            "self": 0.06306939999999983
        },
        "TrainerController.start_learning": {
            "total": 56.794688199999996,
            "count": 1,
            "self": 0.08923420000031257,
            "children": {
                "TrainerController._reset_env": {
                    "total": 6.1436673,
                    "count": 1,
                    "self": 6.1436673
                },
                "TrainerController.advance": {
                    "total": 50.47780739999968,
                    "count": 5411,
                    "self": 0.0914117999995554,
                    "children": {
                        "env_step": {
                            "total": 36.296258900000204,
                            "count": 5411,
                            "self": 27.987927000000422,
                            "children": {
                                "SubprocessEnvManager._take_step": {
                                    "total": 8.247703999999995,
                                    "count": 5411,
                                    "self": 0.2853629999999461,
                                    "children": {
                                        "TorchPolicy.evaluate": {
                                            "total": 7.962341000000049,
                                            "count": 5411,
                                            "self": 7.962341000000049
                                        }
                                    }
                                },
                                "workers": {
                                    "total": 0.06062789999978779,
                                    "count": 5410,
                                    "self": 0.0,
                                    "children": {
                                        "worker_root": {
                                            "total": 47.75193780000027,
                                            "count": 5410,
                                            "is_parallel": true,
                                            "self": 28.343246100000314,
                                            "children": {
                                                "steps_from_proto": {
                                                    "total": 0.00029170000000000584,
                                                    "count": 1,
                                                    "is_parallel": true,
                                                    "self": 0.00011399999999994748,