{
    "name": "root",
    "metadata": {
        "timer_format_version": "0.1.0",
        "start_time_seconds": "1712908360",
        "python_version": "3.9.11 (main, Mar 30 2022, 02:45:55) [MSC v.1916 64 bit (AMD64)]",
        "command_line_arguments": "C:\\Users\\User\\miniconda3\\envs\\mlagents\\Scripts\\mlagents-learn Car.yaml --run-id=CarDrining17",
        "mlagents_version": "0.30.0",
        "mlagents_envs_version": "0.30.0",
        "communication_protocol_version": "1.5.0",
        "pytorch_version": "2.2.2+cpu",
        "numpy_version": "1.21.2",
        "end_time_seconds": "1712908431"
    },
    "total": 70.9206397,
    "count": 1,
    "self": 0.003322999999994636,
    "children": {
        "run_training.setup": {
            "total": 0.06525510000000012,
            "count": 1,
            "self": 0.06525510000000012
        },
        "TrainerController.start_learning": {
            "total": 70.8520616,
            "count": 1,
            "self": 0.06457870000024002,
            "children": {
                "TrainerController._reset_env": {
                    "total": 10.525388,
                    "count": 1,
                    "self": 10.525388
                },
                "TrainerController.advance": {
                    "total": 60.20314289999977,
                    "count": 3817,
                    "self": 0.06223729999943117,
                    "children": {
                        "env_step": {
                            "total": 51.6211919000003,
                            "count": 3817,
                            "self": 45.59161090000026,
                            "children": {
                                "SubprocessEnvManager._take_step": {
                                    "total": 5.986419700000004,
                                    "count": 3817,
                                    "self": 0.20373149999991114,
                                    "children": {
                                        "TorchPolicy.evaluate": {
                                            "total": 5.782688200000093,
                                            "count": 3817,
                                            "self": 5.782688200000093
                                        }
                                    }
                                },
                                "workers": {
                                    "total": 0.043161300000033265,
                                    "count": 3816,
                                    "self": 0.0,
                                    "children": {
                                        "worker_root": {
                                            "total": 37.692579600000165,
                                            "count": 3816,
                                            "is_parallel": true,
                                            "self": 19.360969800000287,
                                            "children": {
                                                "steps_from_proto": {
                                                    "total": 0.0005747999999989872,
                                                    "count": 1,
                                                    "is_parallel": true,
                                                    "self": 0.0002443999999961477,
                                                    "children": {
                                                        "_process_rank_one_or_two_observation": {
                                                            "total": 0.00033040000000283953,
                                                            "count": 4,
                                                            "is_parallel": true,
                                                            "self": 0.00033040000000283953
                                                        }
                                                    }
                                                },
                                                "UnityEnvironment.step": {
                                                    "total": 18.33103499999988,
                                                    "count": 3816,
                                                    "is_parallel": true,
                                                    "self": 0.40217519999961127,
                                                    "children": {
                                                        "UnityEnvironment._generate_step_input": {
                                                            "total": 0.6057117000001409,
                                                            "count": 3816,
                                                            "is_parallel": true,
                                                            "self": 0.6057117000001409
                                                        },
                                                        "communicator.exchange": {
                                                            "total": 15.893143600000078,
                                                            "count": 3816,
                                                            "is_parallel": true,
                                                            "self": 15.893143600000078
                                                        },
                                                        "steps_from_proto": {
                                                            "total": 1.430004500000047,
                                                            "count": 3816,
                                                            "is_parallel": true,
                                                            "self": 0.6561892999999994,
                                                            "children": {
                                                                "_process_rank_one_or_two_observation": {
                                                                    "total": 0.7738152000000476,
                                                                    "count": 15264,
                                                                    "is_parallel": true,
                                                                    "self": 0.7738152000000476
                                                                }
                                                            }
                                                        }
                                                    }
                                                }
                                            }
                                        }
                                    }
                                }
                            }
                        },
                        "trainer_advance": {
                            "total": 8.519713700000043,
                            "count": 3816,
                            "self": 0.07362890000030475,
                            "children": {
                                "process_trajectory": {
                                    "total": 2.1963219999997357,
                                    "count": 3816,
                                    "self": 2.1963219999997357
                                },
                                "_update_policy": {
                                    "total": 6.249762800000003,
                                    "count": 2,
                                    "self": 3.676351400000062,
                                    "children": {
                                        "TorchPPOOptimizer.update": {
                                            "total": 2.573411399999941,
                                            "count": 246,