{
    "name": "root",
    "metadata": {
        "timer_format_version": "0.1.0",
        "start_time_seconds": "1712837729",
        "python_version": "3.9.11 (main, Mar 30 2022, 02:45:55) [MSC v.1916 64 bit (AMD64)]",
        "command_line_arguments": "C:\\Users\\User\\miniconda3\\envs\\mlagents\\Scripts\\mlagents-learn Car.yaml --run-id=CarDrining12",
        "mlagents_version": "0.30.0",
        "mlagents_envs_version": "0.30.0",
        "communication_protocol_version": "1.5.0",
        "pytorch_version": "2.2.2+cpu",
        "numpy_version": "1.21.2",
        "end_time_seconds": "1712837791"
    },
    "total": 61.7670392,
    "count": 1,
    "self": 10.0072239,
    "children": {
        "run_training.setup": {
            "total": 0.060303100000000054,
            "count": 1,
            "self": 0.060303100000000054
        },
        "TrainerController.start_learning": {
            "total": 51.6995122,
            "count": 1,
            "self": 0.049797599999998,
            "children": {
                "TrainerController._reset_env": {
                    "total": 5.612701599999999,
                    "count": 1,
                    "self": 5.612701599999999
                },
                "TrainerController.advance": {
                    "total": 45.9412983,
                    "count": 3041,
                    "self": 0.04738030000005011,
                    "children": {
                        "env_step": {
                            "total": 45.25102690000007,
                            "count": 3041,
                            "self": 41.107721699999985,
                            "children": {
                                "SubprocessEnvManager._take_step": {
                                    "total": 4.112273700000105,
                                    "count": 3042,
                                    "self": 0.14522750000003803,
                                    "children": {
                                        "TorchPolicy.evaluate": {
                                            "total": 3.967046200000067,
                                            "count": 3042,
                                            "self": 3.967046200000067
                                        }
                                    }
                                },
                                "workers": {
                                    "total": 0.031031499999977896,
                                    "count": 3040,
                                    "self": 0.0,
                                    "children": {
                                        "worker_root": {
                                            "total": 16.524462100000044,
                                            "count": 3040,
                                            "is_parallel": true,
                                            "self": 7.741118599999993,
                                            "children": {
                                                "steps_from_proto": {
                                                    "total": 0.0007668999999976833,
                                                    "count": 2,
                                                    "is_parallel": true,
                                                    "self": 0.0003530000000004918,
                                                    "children": {
                                                        "_process_rank_one_or_two_observation": {
                                                            "total": 0.0004138999999971915,
                                                            "count": 8,
                                                            "is_parallel": true,
                                                            "self": 0.0004138999999971915
                                                        }
                                                    }
                                                },
                                                "UnityEnvironment.step": {
                                                    "total": 8.782576600000052,
                                                    "count": 3040,
                                                    "is_parallel": true,
                                                    "self": 0.21249160000001055,
                                                    "children": {
                                                        "UnityEnvironment._generate_step_input": {
                                                            "total": 0.23381769999999857,
                                                            "count": 3040,
                                                            "is_parallel": true,
                                                            "self": 0.23381769999999857
                                                        },
                                                        "communicator.exchange": {
                                                            "total": 7.500085200000057,
                                                            "count": 3040,
                                                            "is_parallel": true,
                                                            "self": 7.500085200000057
                                                        },
                                                        "steps_from_proto": {
                                                            "total": 0.8361820999999869,
                                                            "count": 3040,
                                                            "is_parallel": true,
                                                            "self": 0.44094249999996915,
                                                            "children": {
                                                                "_process_rank_one_or_two_observation": {
                                                                    "total": 0.3952396000000178,
                                                                    "count": 12160,
                                                                    "is_parallel": true,
                                                                    "self": 0.3952396000000178
                                                                }
                                                            }
                                                        }
                                                    }
                                                }
                                            }
                                        }
                                    }
                                }
                            }
                        },
                        "trainer_advance": {
                            "total": 0.6428910999998783,
                            "count": 3040,
                            "self": 0.05281609999998693,
                            "children": {
                                "process_trajectory": {
                                    "total": 0.5900749999998913,
                                    "count": 3040,
                                    "self": 0.5900749999998913
                                }
                            }
                        }
                    }
                },
                "trainer_threads": {
                    "total": 9.999999974752427e-07,
                    "count": 1,
                    "self": 9.999999974752427e-07
                },
                "TrainerController._save_models": {
                    "total": 0.09571370000000456,
                    "count": 1,
                    "self": 2.7300000006391656e-05,