{
    "name": "root",
    "gauges": {
        "Car.Policy.Entropy.mean": {
            "value": 1.1631251573562622,
            "min": 1.1631251573562622,
            "max": 2.06671404838562,
            "count": 5
        },
        "Car.Policy.Entropy.sum": {
            "value": 116414.875,
            "min": 116414.875,
            "max": 207200.484375,
            "count": 5
        },
        "Car.Step.mean": {
            "value": 499969.0,
            "min": 99997.0,
            "max": 499969.0,
            "count": 5
        },
        "Car.Step.sum": {
            "value": 499969.0,
            "min": 99997.0,
            "max": 499969.0,
            "count": 5
        },
        "Car.Policy.ExtrinsicValueEstimate.mean": {
            "value": 7.490511417388916,
            "min": 0.07407227158546448,
            "max": 7.490511417388916,
            "count": 5
        },
        "Car.Policy.ExtrinsicValueEstimate.sum": {
            "value": 14584.025390625,
            "min": 123.55255126953125,
            "max": 14584.025390625,
            "count": 5
        },
        "Car.Environment.EpisodeLength.mean": {
            "value": 143.18731988472624,
            "min": 143.18731988472624,
            "max": 238.1466346153846,
            "count": 5
        },
        "Car.Environment.EpisodeLength.sum": {
            "value": 99372.0,
            "min": 99069.0,
            "max": 99912.0,
            "count": 5
        },
        "Car.Environment.CumulativeReward.mean": {
            "value": 17.647012653543214,
            "min": 1.7626351588763869,
            "max": 17.647012653543214,
            "count": 5
        },
        "Car.Environment.CumulativeReward.sum": {
            "value": 12247.02678155899,
            "min": 733.256226092577,
            "max": 12247.02678155899,
            "count": 5
        },
        "Car.Policy.ExtrinsicReward.mean": {
            "value": 17.647012653543214,
            "min": 1.7626351588763869,
            "max": 17.647012653543214,
            "count": 5
        },
        "Car.Policy.ExtrinsicReward.sum": {
            "value": 12247.02678155899,
            "min": 733.256226092577,
            "max": 12247.02678155899,
            "count": 5
        },
        "Car.Losses.PolicyLoss.mean": {
            "value": 0.04913709116886215,
            "min": 0.04848721573764375,
            "max": 0.05152305831463309,
            "count": 5
        },
        "Car.Losses.PolicyLoss.sum": {
            "value": 0.49137091168862146,
            "min": 0.43638494163879377,
            "max": 0.5152305831463309,
            "count": 5
        },
        "Car.Losses.ValueLoss.mean": {
            "value": 5.097650623718897,
            "min": 0.9107217710542592,
            "max": 5.097650623718897,
            "count": 5
        },
        "Car.Losses.ValueLoss.sum": {
            "value": 50.97650623718897,
            "min": 8.196495939488333,
            "max": 50.97650623718897,
            "count": 5
        },
        "Car.Policy.LearningRate.mean": {
            "value": 3.0429329856919993e-05,
            "min": 3.0429329856919993e-05,
            "max": 0.0002683278772240444,
            "count": 5
        },
        "Car.Policy.LearningRate.sum": {
            "value": 0.00030429329856919993,
            "min": 0.00030429329856919993,
            "max": 0.0024149508950163994,
            "count": 5
        },
        "Car.Policy.Epsilon.mean": {
            "value": 0.11014307999999999,
            "min": 0.11014307999999999,
            "max": 0.18944262222222222,
            "count": 5
        },
        "Car.Policy.Epsilon.sum": {
            "value": 1.1014308,
            "min": 1.1014308,
            "max": 1.7049836,
            "count": 5
        },
        "Car.Policy.Beta.mean": {
            "value": 0.00011041649199999997,
            "min": 0.00011041649199999997,
            "max": 0.0008954819600000001,
            "count": 5
        },
        "Car.Policy.Beta.sum": {
            "value": 0.0011041649199999997,
            "min": 0.0011041649199999997,
            "max": 0.00805933764,
            "count": 5
        },
        "Car.IsTraining.mean": {
            "value": 1.0,
            "min": 1.0,
            "max": 1.0,
            "count": 5
        },
        "Car.IsTraining.sum": {
            "value": 1.0,
            "min": 1.0,
            "max": 1.0,
            "count": 5
        }
    },
    "metadata": {
        "timer_format_version": "0.1.0",
        "start_time_seconds": "1712912666",
        "python_version": "3.9.11 (main, Mar 30 2022, 02:45:55) [MSC v.1916 64 bit (AMD64)]",
        "command_line_arguments": "C:\\Users\\User\\miniconda3\\envs\\mlagents\\Scripts\\mlagents-learn Car.yaml --run-id=CarDrining28",
        "mlagents_version": "0.30.0",
        "mlagents_envs_version": "0.30.0",
        "communication_protocol_version": "1.5.0",
        "pytorch_version": "2.2.2+cpu",
        "numpy_version": "1.21.2",
        "end_time_seconds": "1712913386"
    },
    "total": 720.3178886000001,
    "count": 1,
    "self": 0.010868099999925107,
    "children": {
        "run_training.setup": {
            "total": 0.060165500000000094,
            "count": 1,
            "self": 0.060165500000000094
        },
        "TrainerController.start_learning": {
            "total": 720.2468550000001,
            "count": 1,
            "self": 1.1520891000020583,
            "children": {
                "TrainerController._reset_env": {
                    "total": 6.3953299999999995,
                    "count": 1,
                    "self": 6.3953299999999995
                },
                "TrainerController.advance": {
                    "total": 712.6374786999982,
                    "count": 64437,
                    "self": 1.110309700001153,
                    "children": {
                        "env_step": {
                            "total": 519.7130969000003,
                            "count": 64437,
                            "self": 422.3528799000047,
                            "children": {
                                "SubprocessEnvManager._take_step": {
                                    "total": 96.60771539999723,
                                    "count": 64437,
                                    "self": 3.349624300002972,
                                    "children": {
                                        "TorchPolicy.evaluate": {
                                            "total": 93.25809109999426,
                                            "count": 62539,
                                            "self": 93.25809109999426
                                        }
                                    }
                                },
                                "workers": {
                                    "total": 0.7525015999983955,
                                    "count": 64437,
                                    "self": 0.0,
                                    "children": {
                                        "worker_root": {
                                            "total": 712.7134263999997,
                                            "count": 64437,
                                            "is_parallel": true,
                                            "self": 354.86468580001264,
                                            "children": {
                                                "steps_from_proto": {
                                                    "total": 0.0002997000000002359,
                                                    "count": 1,
                                                    "is_parallel": true,
                                                    "self": 0.0001265000000012506,