{
    "name": "root",
    "gauges": {
        "Car.Policy.Entropy.mean": {
            "value": 1.4503324031829834,
            "min": 1.410024881362915,
            "max": 2.1970529556274414,
            "count": 50
        },
        "Car.Policy.Entropy.sum": {
            "value": 15315.509765625,
            "min": 13436.125,
            "max": 23200.87890625,
            "count": 50
        },
        "Car.Step.mean": {
            "value": 499968.0,
            "min": 9984.0,
            "max": 499968.0,
            "count": 50
        },
        "Car.Step.sum": {
            "value": 499968.0,
            "min": 9984.0,
            "max": 499968.0,
            "count": 50
        },
        "Car.Policy.ExtrinsicValueEstimate.mean": {
            "value": 6.227664470672607,
            "min": -0.9572664499282837,
            "max": 6.797874450683594,
            "count": 50
        },
        "Car.Policy.ExtrinsicValueEstimate.sum": {
            "value": 1064.9306640625,
            "min": -164.2672119140625,
            "max": 1169.234375,
            "count": 50
        },
        "Car.Environment.EpisodeLength.mean": {
            "value": 399.0,
            "min": 399.0,
            "max": 399.0,
            "count": 50
        },
        "Car.Environment.EpisodeLength.sum": {
            "value": 7980.0,
            "min": 7980.0,
            "max": 15960.0,
            "count": 50
        },
        "Car.Environment.CumulativeReward.mean": {
            "value": 38.30000262707472,
            "min": -14.099998750537633,
            "max": 42.650002512335774,
            "count": 50
        },
        "Car.Environment.CumulativeReward.sum": {
            "value": 766.0000525414944,
            "min": -305.99994653463364,
            "max": 1568.0001069903374,
            "count": 50
        },
        "Car.Policy.ExtrinsicReward.mean": {
            "value": 38.30000262707472,
            "min": -14.099998750537633,
            "max": 42.650002512335774,
            "count": 50
        },
        "Car.Policy.ExtrinsicReward.sum": {
            "value": 766.0000525414944,
            "min": -305.99994653463364,
            "max": 1568.0001069903374,
            "count": 50
        },
        "Car.IsTraining.mean": {
            "value": 1.0,
            "min": 1.0,
            "max": 1.0,
            "count": 50
        },
        "Car.IsTraining.sum": {
            "value": 1.0,
            "min": 1.0,
            "max": 1.0,
            "count": 50
        },
        "Car.Losses.PolicyLoss.mean": {
            "value": 0.034113665003465805,
            "min": 0.032058809257332024,
            "max": 0.041593911353407835,
            "count": 23
        },
        "Car.Losses.PolicyLoss.sum": {
            "value": 0.034113665003465805,
            "min": 0.032058809257332024,
            "max": 0.041593911353407835,
            "count": 23
        },
        "Car.Losses.ValueLoss.mean": {
            "value": 13.333797695190926,
            "min": 0.9605310472046457,
            "max": 13.333797695190926,
            "count": 23
        },
        "Car.Losses.ValueLoss.sum": {
            "value": 13.333797695190926,
            "min": 0.9605310472046457,
            "max": 13.333797695190926,
            "count": 23
        },
        "Car.Policy.LearningRate.mean": {
            "value": 5.664098112000003e-06,
            "min": 5.664098112000003e-06,
            "max": 0.00028732800422399995,
            "count": 23
        },
        "Car.Policy.LearningRate.sum": {
            "value": 5.664098112000003e-06,
            "min": 5.664098112000003e-06,
            "max": 0.00028732800422399995,
            "count": 23
        },
        "Car.Policy.Epsilon.mean": {
            "value": 0.101888,
            "min": 0.101888,
            "max": 0.19577599999999995,
            "count": 23
        },
        "Car.Policy.Epsilon.sum": {
            "value": 0.101888,
            "min": 0.101888,
            "max": 0.19577599999999995,
            "count": 23
        },
        "Car.Policy.Beta.mean": {
            "value": 2.8691200000000014e-05,
            "min": 2.8691200000000014e-05,
            "max": 0.0009581823999999999,
            "count": 23
        },
        "Car.Policy.Beta.sum": {
            "value": 2.8691200000000014e-05,
            "min": 2.8691200000000014e-05,
            "max": 0.0009581823999999999,
            "count": 23
        }
    },
    "metadata": {
        "timer_format_version": "0.1.0",
        "start_time_seconds": "1712987485",
        "python_version": "3.9.11 (main, Mar 30 2022, 02:45:55) [MSC v.1916 64 bit (AMD64)]",
        "command_line_arguments": "C:\\Users\\User\\miniconda3\\envs\\mlagents\\Scripts\\mlagents-learn Car.yaml --run-id=CarDrining52",
        "mlagents_version": "0.30.0",
        "mlagents_envs_version": "0.30.0",
        "communication_protocol_version": "1.5.0",
        "pytorch_version": "2.2.2+cpu",
        "numpy_version": "1.21.2",
        "end_time_seconds": "1712987811"
    },
    "total": 325.80266,
    "count": 1,
    "self": 0.009108400000002348,
    "children": {
        "run_training.setup": {
            "total": 0.06332819999999995,
            "count": 1,
            "self": 0.06332819999999995
        },
        "TrainerController.start_learning": {
            "total": 325.7302234,
            "count": 1,
            "self": 0.3646556000029477,
            "children": {
                "TrainerController._reset_env": {
                    "total": 6.9870524,
                    "count": 1,
                    "self": 6.9870524
                },
                "TrainerController.advance": {
                    "total": 318.339640699997,
                    "count": 25056,
                    "self": 0.366425299998582,
                    "children": {
                        "env_step": {
                            "total": 192.5370994000001,
                            "count": 25056,
                            "self": 158.1269527000049,
                            "children": {
                                "SubprocessEnvManager._take_step": {
                                    "total": 34.16359499999979,
                                    "count": 25056,
                                    "self": 1.237317499998916,
                                    "children": {
                                        "TorchPolicy.evaluate": {
                                            "total": 32.92627750000087,
                                            "count": 25056,
                                            "self": 32.92627750000087
                                        }
                                    }
                                },
                                "workers": {
                                    "total": 0.24655169999540405,
                                    "count": 25056,
                                    "self": 0.0,
                                    "children": {
                                        "worker_root": {
                                            "total": 318.6820808000024,
                                            "count": 25056,
                                            "is_parallel": true,
                                            "self": 187.94457420000356,
                                            "children": {
                                                "steps_from_proto": {
                                                    "total": 0.00039129999999953924,
                                                    "count": 1,
                                                    "is_parallel": true,
                                                    "self": 0.00013249999999942474,